电压 (mV),电流 (mA),容量 (mAh),工步号,工步名称
3320,5998,4,1,恒流恒压充电
3328,5999,4,1,恒流恒压充电
3334,5999,9,1,恒流恒压充电
3337,5999,14,1,恒流恒压充电
3340,5999,19,1,恒流恒压充电
3348,5999,39,1,恒流恒压充电
3345,5999,29,1,恒流恒压充电
3347,5999,34,1,恒流恒压充电
3350,5999,44,1,恒流恒压充电
3351,5999,49,1,恒流恒压充电
3352,5999,54,1,恒流恒压充电
3353,5999,59,1,恒流恒压充电
3354,5999,64,1,恒流恒压充电
3355,5999,69,1,恒流恒压充电
3356,5999,74,1,恒流恒压充电
3356,5999,79,1,恒流恒压充电
3357,5999,84,1,恒流恒压充电
3356,5999,89,1,恒流恒压充电
3358,5999,94,1,恒流恒压充电
3358,6000,99,1,恒流恒压充电
3358,6000,104,1,恒流恒压充电
3358,5999,109,1,恒流恒压充电
3359,5999,114,1,恒流恒压充电
3359,5999,119,1,恒流恒压充电
3359,5999,124,1,恒流恒压充电
3360,5999,129,1,恒流恒压充电
3359,5999,134,1,恒流恒压充电
3360,5999,139,1,恒流恒压充电
3360,5999,144,1,恒流恒压充电
3360,6000,149,1,恒流恒压充电
3361,6000,154,1,恒流恒压充电
3361,5999,159,1,恒流恒压充电
3361,5999,164,1,恒流恒压充电
3361,5999,169,1,恒流恒压充电
3361,5999,174,1,恒流恒压充电
3362,5999,179,1,恒流恒压充电
3362,5999,184,1,恒流恒压充电
3362,5999,189,1,恒流恒压充电
3362,6000,194,1,恒流恒压充电
3362,5999,199,1,恒流恒压充电
3362,5999,204,1,恒流恒压充电
3362,5999,209,1,恒流恒压充电
3362,5999,214,1,恒流恒压充电
3363,6000,219,1,恒流恒压充电
3363,5999,224,1,恒流恒压充电
3363,5999,229,1,恒流恒压充电
3363,5999,234,1,恒流恒压充电
3363,5999,239,1,恒流恒压充电
3363,5999,244,1,恒流恒压充电
3363,5999,249,1,恒流恒压充电
3363,5999,254,1,恒流恒压充电
3364,5999,259,1,恒流恒压充电
3364,5999,264,1,恒流恒压充电
3364,5999,269,1,恒流恒压充电
3364,5999,274,1,恒流恒压充电
3364,5999,279,1,恒流恒压充电
3364,5999,284,1,恒流恒压充电
3364,5999,289,1,恒流恒压充电
3364,5999,294,1,恒流恒压充电
3365,5999,299,1,恒流恒压充电
3365,5999,304,1,恒流恒压充电
3365,5999,309,1,恒流恒压充电
3365,5999,314,1,恒流恒压充电
3365,6000,319,1,恒流恒压充电
3365,5999,324,1,恒流恒压充电
3365,5999,329,1,恒流恒压充电
3365,5999,334,1,恒流恒压充电
3365,5999,339,1,恒流恒压充电
3365,5999,344,1,恒流恒压充电
3366,6000,349,1,恒流恒压充电
3366,6000,354,1,恒流恒压充电
3366,5999,359,1,恒流恒压充电
3366,5999,364,1,恒流恒压充电
3366,5999,369,1,恒流恒压充电
3366,5999,374,1,恒流恒压充电
3366,5999,379,1,恒流恒压充电
3366,5999,384,1,恒流恒压充电
3366,5999,389,1,恒流恒压充电
3366,5999,394,1,恒流恒压充电
3366,5999,399,1,恒流恒压充电
3366,5999,404,1,恒流恒压充电
3367,5999,409,1,恒流恒压充电
3366,5999,414,1,恒流恒压充电
3367,5999,419,1,恒流恒压充电
3367,5999,424,1,恒流恒压充电
3367,5999,429,1,恒流恒压充电
3367,5999,434,1,恒流恒压充电
3367,5999,439,1,恒流恒压充电
3367,5999,444,1,恒流恒压充电
3367,5999,449,1,恒流恒压充电
3367,5999,454,1,恒流恒压充电
3367,5999,459,1,恒流恒压充电
3367,5999,464,1,恒流恒压充电
3367,5999,469,1,恒流恒压充电
3367,5999,474,1,恒流恒压充电
3367,5999,479,1,恒流恒压充电
3367,5999,484,1,恒流恒压充电
3368,5999,489,1,恒流恒压充电
3368,5999,494,1,恒流恒压充电
3368,5999,499,1,恒流恒压充电
3368,5999,504,1,恒流恒压充电
3368,5999,509,1,恒流恒压充电
3368,5999,514,1,恒流恒压充电
3368,5999,519,1,恒流恒压充电
3368,5999,524,1,恒流恒压充电
3368,5999,529,1,恒流恒压充电
3368,5999,534,1,恒流恒压充电
3368,5999,539,1,恒流恒压充电
3368,5999,544,1,恒流恒压充电
3368,5999,549,1,恒流恒压充电
3368,5999,554,1,恒流恒压充电
3368,5999,559,1,恒流恒压充电
3369,5999,564,1,恒流恒压充电
3368,5999,569,1,恒流恒压充电
3368,5999,574,1,恒流恒压充电
3368,5999,579,1,恒流恒压充电
3368,5999,584,1,恒流恒压充电
3368,5999,589,1,恒流恒压充电
3369,5999,594,1,恒流恒压充电
3369,5999,599,1,恒流恒压充电
3369,5999,604,1,恒流恒压充电
3369,5999,609,1,恒流恒压充电
3369,5999,614,1,恒流恒压充电
3369,5999,619,1,恒流恒压充电
3369,5999,624,1,恒流恒压充电
3369,5999,629,1,恒流恒压充电
3369,5999,634,1,恒流恒压充电
3369,5999,639,1,恒流恒压充电
3369,5999,644,1,恒流恒压充电
3369,5999,649,1,恒流恒压充电
3369,5999,654,1,恒流恒压充电
3368,5999,659,1,恒流恒压充电
3369,5999,664,1,恒流恒压充电
3369,5999,669,1,恒流恒压充电
3369,5999,674,1,恒流恒压充电
3369,5999,679,1,恒流恒压充电
3369,5999,684,1,恒流恒压充电
3369,5999,689,1,恒流恒压充电
3369,5999,694,1,恒流恒压充电
3369,5999,699,1,恒流恒压充电
3369,5999,704,1,恒流恒压充电
3369,5999,709,1,恒流恒压充电
3369,5999,714,1,恒流恒压充电
3369,5999,719,1,恒流恒压充电
3369,5999,724,1,恒流恒压充电
3369,5999,729,1,恒流恒压充电
3369,5999,734,1,恒流恒压充电
3369,5999,739,1,恒流恒压充电
3369,5999,744,1,恒流恒压充电
3369,5999,749,1,恒流恒压充电
3369,5999,754,1,恒流恒压充电
3369,5999,759,1,恒流恒压充电
3370,5999,764,1,恒流恒压充电
3369,6000,769,1,恒流恒压充电
3369,6000,774,1,恒流恒压充电
3369,6000,779,1,恒流恒压充电
3370,5999,784,1,恒流恒压充电
3369,5999,789,1,恒流恒压充电
3369,5999,794,1,恒流恒压充电
3370,6000,799,1,恒流恒压充电
3370,6000,804,1,恒流恒压充电
3370,6000,809,1,恒流恒压充电
3369,6000,814,1,恒流恒压充电
3369,5999,819,1,恒流恒压充电
3370,6000,824,1,恒流恒压充电
3370,6000,829,1,恒流恒压充电
3370,6000,834,1,恒流恒压充电
3370,6000,839,1,恒流恒压充电
3370,6000,844,1,恒流恒压充电
3370,6000,849,1,恒流恒压充电
3370,6000,854,1,恒流恒压充电
3370,6000,859,1,恒流恒压充电
3370,6000,864,1,恒流恒压充电
3370,6000,869,1,恒流恒压充电
3370,6000,874,1,恒流恒压充电
3370,5999,879,1,恒流恒压充电
3370,6000,884,1,恒流恒压充电
3370,6000,889,1,恒流恒压充电
3370,6000,894,1,恒流恒压充电
3370,6000,899,1,恒流恒压充电
3370,6000,904,1,恒流恒压充电
3370,6000,909,1,恒流恒压充电
3370,6000,914,1,恒流恒压充电
3370,6000,919,1,恒流恒压充电
3370,6000,924,1,恒流恒压充电
3370,6000,929,1,恒流恒压充电
3370,6000,934,1,恒流恒压充电
3370,6000,939,1,恒流恒压充电
3370,6000,944,1,恒流恒压充电
3370,6000,949,1,恒流恒压充电
3370,6000,954,1,恒流恒压充电
3370,6000,959,1,恒流恒压充电
3370,6000,964,1,恒流恒压充电
3370,6000,969,1,恒流恒压充电
3370,6000,974,1,恒流恒压充电
3370,6000,979,1,恒流恒压充电
3370,6000,984,1,恒流恒压充电
3370,6000,989,1,恒流恒压充电
3370,6000,994,1,恒流恒压充电
3370,6000,999,1,恒流恒压充电
3370,6000,1004,1,恒流恒压充电
3370,6000,1009,1,恒流恒压充电
3370,6000,1014,1,恒流恒压充电
3370,6000,1019,1,恒流恒压充电
3370,6000,1024,1,恒流恒压充电
3370,6000,1029,1,恒流恒压充电
3370,6000,1034,1,恒流恒压充电
3370,6000,1039,1,恒流恒压充电
3370,6000,1044,1,恒流恒压充电
3370,6000,1049,1,恒流恒压充电
3370,5999,1054,1,恒流恒压充电
3370,6000,1059,1,恒流恒压充电
3370,5999,1064,1,恒流恒压充电
3370,5999,1069,1,恒流恒压充电
3370,5999,1074,1,恒流恒压充电
3370,6000,1079,1,恒流恒压充电
3370,5999,1084,1,恒流恒压充电
3370,5999,1089,1,恒流恒压充电
3370,5999,1094,1,恒流恒压充电
3370,6000,1099,1,恒流恒压充电
3370,6000,1104,1,恒流恒压充电
3370,5999,1109,1,恒流恒压充电
3370,5999,1114,1,恒流恒压充电
3370,5999,1119,1,恒流恒压充电
3370,5999,1124,1,恒流恒压充电
3370,6000,1129,1,恒流恒压充电
3370,5999,1134,1,恒流恒压充电
3370,5999,1134,1,恒流恒压充电
3370,6000,1139,1,恒流恒压充电
3370,5999,1144,1,恒流恒压充电
3370,5999,1149,1,恒流恒压充电
3370,5999,1154,1,恒流恒压充电
3370,6000,1159,1,恒流恒压充电
3370,6000,1164,1,恒流恒压充电
3370,6000,1169,1,恒流恒压充电
3370,6000,1174,1,恒流恒压充电
3370,5999,1179,1,恒流恒压充电
3370,6000,1184,1,恒流恒压充电
3370,6000,1189,1,恒流恒压充电
3370,6000,1194,1,恒流恒压充电
3370,6000,1199,1,恒流恒压充电
3370,5999,1204,1,恒流恒压充电
3370,6000,1209,1,恒流恒压充电
3370,6000,1214,1,恒流恒压充电
3370,6000,1219,1,恒流恒压充电
3370,6000,1224,1,恒流恒压充电
3370,5999,1229,1,恒流恒压充电
3370,6000,1234,1,恒流恒压充电
3370,5999,1239,1,恒流恒压充电
3370,5999,1244,1,恒流恒压充电
3370,5999,1249,1,恒流恒压充电
3370,5999,1254,1,恒流恒压充电
3370,6000,1259,1,恒流恒压充电
3370,6000,1264,1,恒流恒压充电
3370,6000,1269,1,恒流恒压充电
3370,6000,1274,1,恒流恒压充电
3370,5999,1279,1,恒流恒压充电
3370,6000,1284,1,恒流恒压充电
3370,5999,1289,1,恒流恒压充电
3370,6000,1294,1,恒流恒压充电
3370,5999,1299,1,恒流恒压充电
3370,5999,1304,1,恒流恒压充电
3370,5999,1309,1,恒流恒压充电
3370,6000,1314,1,恒流恒压充电
3370,5999,1319,1,恒流恒压充电
3370,5999,1324,1,恒流恒压充电
3370,5999,1329,1,恒流恒压充电
3370,5999,1334,1,恒流恒压充电
3370,6000,1339,1,恒流恒压充电
3370,6000,1344,1,恒流恒压充电
3370,5999,1349,1,恒流恒压充电
3370,5999,1354,1,恒流恒压充电
3370,6000,1359,1,恒流恒压充电
3370,6000,1364,1,恒流恒压充电
3370,6000,1369,1,恒流恒压充电
3370,6000,1374,1,恒流恒压充电
3370,6000,1379,1,恒流恒压充电
3370,5999,1384,1,恒流恒压充电
3370,6000,1389,1,恒流恒压充电
3370,6000,1394,1,恒流恒压充电
3370,6000,1399,1,恒流恒压充电
3370,6000,1404,1,恒流恒压充电
3370,5999,1409,1,恒流恒压充电
3370,5999,1414,1,恒流恒压充电
3370,6000,1419,1,恒流恒压充电
3370,6000,1424,1,恒流恒压充电
3370,5999,1429,1,恒流恒压充电
3370,6000,1434,1,恒流恒压充电
3370,6000,1439,1,恒流恒压充电
3370,6000,1444,1,恒流恒压充电
3370,5999,1449,1,恒流恒压充电
3370,6000,1454,1,恒流恒压充电
3370,6000,1459,1,恒流恒压充电
3370,6000,1464,1,恒流恒压充电
3370,5999,1469,1,恒流恒压充电
3370,6000,1474,1,恒流恒压充电
3370,6000,1479,1,恒流恒压充电
3370,5999,1484,1,恒流恒压充电
3370,6000,1489,1,恒流恒压充电
3370,6000,1494,1,恒流恒压充电
3370,6000,1499,1,恒流恒压充电
3370,6000,1504,1,恒流恒压充电
3370,6000,1509,1,恒流恒压充电
3370,5999,1514,1,恒流恒压充电
3370,6000,1519,1,恒流恒压充电
3370,6000,1524,1,恒流恒压充电
3370,6000,1529,1,恒流恒压充电
3370,6000,1534,1,恒流恒压充电
3370,6000,1539,1,恒流恒压充电
3370,6000,1544,1,恒流恒压充电
3370,5999,1549,1,恒流恒压充电
3370,5999,1554,1,恒流恒压充电
3370,6000,1559,1,恒流恒压充电
3370,6000,1564,1,恒流恒压充电
3370,6000,1569,1,恒流恒压充电
3370,5999,1574,1,恒流恒压充电
3370,5999,1579,1,恒流恒压充电
3370,6000,1584,1,恒流恒压充电
3370,5999,1589,1,恒流恒压充电
3370,6000,1594,1,恒流恒压充电
3370,5999,1599,1,恒流恒压充电
3370,5999,1604,1,恒流恒压充电
3370,6000,1609,1,恒流恒压充电
3370,6000,1614,1,恒流恒压充电
3370,5999,1619,1,恒流恒压充电
3370,5999,1624,1,恒流恒压充电
3370,6000,1629,1,恒流恒压充电
3370,6000,1634,1,恒流恒压充电
3370,6000,1639,1,恒流恒压充电
3370,5999,1644,1,恒流恒压充电
3370,5999,1649,1,恒流恒压充电
3370,6000,1654,1,恒流恒压充电
3370,5999,1659,1,恒流恒压充电
3370,5999,1664,1,恒流恒压充电
3370,5999,1669,1,恒流恒压充电
3370,5999,1674,1,恒流恒压充电
3370,6000,1679,1,恒流恒压充电
3370,6000,1684,1,恒流恒压充电
3370,6000,1689,1,恒流恒压充电
3370,5999,1694,1,恒流恒压充电
3370,5999,1699,1,恒流恒压充电
3370,5999,1704,1,恒流恒压充电
3370,6000,1709,1,恒流恒压充电
3370,5999,1714,1,恒流恒压充电
3370,5999,1719,1,恒流恒压充电
3370,6000,1724,1,恒流恒压充电
3370,6000,1729,1,恒流恒压充电
3370,5999,1734,1,恒流恒压充电
3370,6000,1739,1,恒流恒压充电
3370,6000,1744,1,恒流恒压充电
3370,5999,1749,1,恒流恒压充电
3370,6000,1754,1,恒流恒压充电
3370,5999,1759,1,恒流恒压充电
3370,5999,1764,1,恒流恒压充电
3370,5999,1769,1,恒流恒压充电
3370,5999,1774,1,恒流恒压充电
3370,6000,1779,1,恒流恒压充电
3370,6000,1784,1,恒流恒压充电
3370,5999,1789,1,恒流恒压充电
3370,5999,1794,1,恒流恒压充电
3370,6000,1799,1,恒流恒压充电
3370,5999,1804,1,恒流恒压充电
3370,5999,1809,1,恒流恒压充电
3370,6000,1814,1,恒流恒压充电
3370,5999,1819,1,恒流恒压充电
3370,6000,1824,1,恒流恒压充电
3370,5999,1829,1,恒流恒压充电
3370,5999,1834,1,恒流恒压充电
3370,5999,1839,1,恒流恒压充电
3370,6000,1844,1,恒流恒压充电
3370,5999,1849,1,恒流恒压充电
3370,5999,1854,1,恒流恒压充电
3370,6000,1859,1,恒流恒压充电
3370,6000,1864,1,恒流恒压充电
3370,6000,1869,1,恒流恒压充电
3370,5999,1874,1,恒流恒压充电
3370,5999,1879,1,恒流恒压充电
3370,6000,1884,1,恒流恒压充电
3370,6000,1889,1,恒流恒压充电
3370,5999,1894,1,恒流恒压充电
3370,6000,1899,1,恒流恒压充电
3370,6000,1904,1,恒流恒压充电
3370,6000,1909,1,恒流恒压充电
3370,5999,1914,1,恒流恒压充电
3370,5999,1919,1,恒流恒压充电
3370,6000,1924,1,恒流恒压充电
3370,5999,1929,1,恒流恒压充电
3370,6000,1934,1,恒流恒压充电
3370,5999,1939,1,恒流恒压充电
3369,6000,1944,1,恒流恒压充电
3370,5999,1949,1,恒流恒压充电
3370,6000,1954,1,恒流恒压充电
3370,6000,1959,1,恒流恒压充电
3370,6000,1964,1,恒流恒压充电
3370,6000,1969,1,恒流恒压充电
3370,5999,1974,1,恒流恒压充电
3370,5999,1979,1,恒流恒压充电
3370,6000,1984,1,恒流恒压充电
3370,6000,1989,1,恒流恒压充电
3370,6000,1994,1,恒流恒压充电
3370,6000,1999,1,恒流恒压充电
3370,5999,2004,1,恒流恒压充电
3370,6000,2009,1,恒流恒压充电
3370,5999,2014,1,恒流恒压充电
3370,5999,2019,1,恒流恒压充电
3370,6000,2024,1,恒流恒压充电
3370,6000,2029,1,恒流恒压充电
3370,6000,2034,1,恒流恒压充电
3370,6000,2039,1,恒流恒压充电
3370,6000,2044,1,恒流恒压充电
3370,6000,2049,1,恒流恒压充电
3370,6000,2054,1,恒流恒压充电
3370,6000,2059,1,恒流恒压充电
3370,6000,2064,1,恒流恒压充电
3370,6000,2069,1,恒流恒压充电
3370,6000,2074,1,恒流恒压充电
3370,6000,2079,1,恒流恒压充电
3370,6000,2084,1,恒流恒压充电
3370,6000,2089,1,恒流恒压充电
3369,5999,2094,1,恒流恒压充电
3370,6000,2099,1,恒流恒压充电
3370,6000,2104,1,恒流恒压充电
3370,6000,2109,1,恒流恒压充电
3370,6000,2114,1,恒流恒压充电
3370,6000,2119,1,恒流恒压充电
3370,5999,2124,1,恒流恒压充电
3370,5999,2129,1,恒流恒压充电
3370,6000,2134,1,恒流恒压充电
3370,5999,2139,1,恒流恒压充电
3370,5999,2144,1,恒流恒压充电
3370,5999,2149,1,恒流恒压充电
3370,5999,2154,1,恒流恒压充电
3370,6000,2159,1,恒流恒压充电
3370,6000,2164,1,恒流恒压充电
3370,5999,2169,1,恒流恒压充电
3370,6000,2174,1,恒流恒压充电
3370,6000,2179,1,恒流恒压充电
3370,6000,2184,1,恒流恒压充电
3370,6000,2189,1,恒流恒压充电
3370,6000,2194,1,恒流恒压充电
3370,5999,2199,1,恒流恒压充电
3370,5999,2204,1,恒流恒压充电
3370,5999,2209,1,恒流恒压充电
3370,6000,2214,1,恒流恒压充电
3370,6000,2219,1,恒流恒压充电
3370,5999,2224,1,恒流恒压充电
3370,5999,2229,1,恒流恒压充电
3370,6000,2234,1,恒流恒压充电
3370,5999,2239,1,恒流恒压充电
3370,6000,2244,1,恒流恒压充电
3370,6000,2249,1,恒流恒压充电
3370,5999,2254,1,恒流恒压充电
3370,6000,2259,1,恒流恒压充电
3370,6000,2264,1,恒流恒压充电
3370,5999,2269,1,恒流恒压充电
3370,6000,2274,1,恒流恒压充电
3370,5999,2279,1,恒流恒压充电
3370,6000,2284,1,恒流恒压充电
3370,5999,2289,1,恒流恒压充电
3371,6000,2294,1,恒流恒压充电
3371,5999,2299,1,恒流恒压充电
3370,6000,2304,1,恒流恒压充电
3371,5999,2309,1,恒流恒压充电
3370,6000,2314,1,恒流恒压充电
3370,6000,2319,1,恒流恒压充电
3371,5999,2324,1,恒流恒压充电
3370,5999,2329,1,恒流恒压充电
3371,6000,2334,1,恒流恒压充电
3371,6000,2339,1,恒流恒压充电
3371,5999,2344,1,恒流恒压充电
3371,6000,2349,1,恒流恒压充电
3371,6000,2354,1,恒流恒压充电
3371,6000,2359,1,恒流恒压充电
3371,6000,2364,1,恒流恒压充电
3371,5999,2369,1,恒流恒压充电
3371,5999,2374,1,恒流恒压充电
3371,6000,2379,1,恒流恒压充电
3371,6000,2384,1,恒流恒压充电
3371,6000,2389,1,恒流恒压充电
3371,5999,2394,1,恒流恒压充电
3371,5999,2399,1,恒流恒压充电
3371,6000,2404,1,恒流恒压充电
3371,5999,2409,1,恒流恒压充电
3371,5999,2414,1,恒流恒压充电
3371,5999,2419,1,恒流恒压充电
3371,6000,2424,1,恒流恒压充电
3371,5999,2429,1,恒流恒压充电
3371,5999,2434,1,恒流恒压充电
3371,6000,2439,1,恒流恒压充电
3371,5999,2444,1,恒流恒压充电
3371,6000,2449,1,恒流恒压充电
3371,5999,2454,1,恒流恒压充电
3371,5999,2459,1,恒流恒压充电
3371,6000,2464,1,恒流恒压充电
3371,6000,2469,1,恒流恒压充电
3371,6000,2474,1,恒流恒压充电
3371,6000,2479,1,恒流恒压充电
3371,5999,2484,1,恒流恒压充电
3371,6000,2489,1,恒流恒压充电
3371,6000,2494,1,恒流恒压充电
3371,6000,2499,1,恒流恒压充电
3371,6000,2504,1,恒流恒压充电
3371,6000,2509,1,恒流恒压充电
3371,6000,2514,1,恒流恒压充电
3371,5999,2519,1,恒流恒压充电
3371,6000,2524,1,恒流恒压充电
3371,6000,2529,1,恒流恒压充电
3371,6000,2534,1,恒流恒压充电
3371,6000,2539,1,恒流恒压充电
3371,5999,2544,1,恒流恒压充电
3371,6000,2549,1,恒流恒压充电
3371,6000,2554,1,恒流恒压充电
3371,6000,2559,1,恒流恒压充电
3371,6000,2564,1,恒流恒压充电
3371,6000,2569,1,恒流恒压充电
3371,6000,2574,1,恒流恒压充电
3371,6000,2579,1,恒流恒压充电
3371,6000,2584,1,恒流恒压充电
3370,6000,2589,1,恒流恒压充电
3371,6000,2594,1,恒流恒压充电
3371,5999,2599,1,恒流恒压充电
3371,6000,2604,1,恒流恒压充电
3371,5999,2609,1,恒流恒压充电
3371,6000,2614,1,恒流恒压充电
3371,5999,2619,1,恒流恒压充电
3371,6000,2624,1,恒流恒压充电
3371,6000,2629,1,恒流恒压充电
3371,6000,2634,1,恒流恒压充电
3371,6000,2639,1,恒流恒压充电
3371,6000,2644,1,恒流恒压充电
3372,6000,2649,1,恒流恒压充电
3371,6000,2654,1,恒流恒压充电
3371,6000,2659,1,恒流恒压充电
3371,6000,2664,1,恒流恒压充电
3371,6000,2669,1,恒流恒压充电
3371,6000,2674,1,恒流恒压充电
3371,6000,2679,1,恒流恒压充电
3372,6000,2684,1,恒流恒压充电
3372,6000,2689,1,恒流恒压充电
3372,6000,2694,1,恒流恒压充电
3372,6000,2699,1,恒流恒压充电
3372,6000,2704,1,恒流恒压充电
3372,6000,2709,1,恒流恒压充电
3372,6000,2714,1,恒流恒压充电
3372,6000,2719,1,恒流恒压充电
3372,6000,2724,1,恒流恒压充电
3372,6000,2729,1,恒流恒压充电
3372,6000,2729,1,恒流恒压充电
3372,6000,2734,1,恒流恒压充电
3372,6000,2739,1,恒流恒压充电
3372,6000,2744,1,恒流恒压充电
3372,6000,2749,1,恒流恒压充电
3372,6000,2754,1,恒流恒压充电
3372,6000,2759,1,恒流恒压充电
3372,6000,2764,1,恒流恒压充电
3372,6000,2769,1,恒流恒压充电
3372,6000,2774,1,恒流恒压充电
3372,5999,2779,1,恒流恒压充电
3372,5999,2784,1,恒流恒压充电
3372,5999,2789,1,恒流恒压充电
3372,5999,2794,1,恒流恒压充电
3372,5999,2799,1,恒流恒压充电
3372,5999,2804,1,恒流恒压充电
3372,5999,2809,1,恒流恒压充电
3372,5999,2814,1,恒流恒压充电
3372,5999,2819,1,恒流恒压充电
3372,5999,2824,1,恒流恒压充电
3372,5999,2829,1,恒流恒压充电
3372,5999,2834,1,恒流恒压充电
3372,5999,2839,1,恒流恒压充电
3372,5999,2844,1,恒流恒压充电
3372,5999,2849,1,恒流恒压充电
3372,5999,2854,1,恒流恒压充电
3372,5999,2859,1,恒流恒压充电
3372,6000,2864,1,恒流恒压充电
3372,6000,2869,1,恒流恒压充电
3372,6000,2874,1,恒流恒压充电
3372,6000,2879,1,恒流恒压充电
3372,6000,2884,1,恒流恒压充电
3372,6000,2889,1,恒流恒压充电
3372,6000,2894,1,恒流恒压充电
3372,5999,2899,1,恒流恒压充电
3372,6000,2904,1,恒流恒压充电
3372,6000,2909,1,恒流恒压充电
3372,6000,2914,1,恒流恒压充电
3372,5999,2919,1,恒流恒压充电
3372,6000,2924,1,恒流恒压充电
3372,6000,2929,1,恒流恒压充电
3372,6000,2934,1,恒流恒压充电
3373,6000,2939,1,恒流恒压充电
3372,5999,2944,1,恒流恒压充电
3372,6000,2949,1,恒流恒压充电
3373,6000,2954,1,恒流恒压充电
3373,6000,2959,1,恒流恒压充电
3373,6000,2964,1,恒流恒压充电
3373,6000,2969,1,恒流恒压充电
3373,6000,2974,1,恒流恒压充电
3372,6000,2979,1,恒流恒压充电
3373,6000,2984,1,恒流恒压充电
3373,6000,2989,1,恒流恒压充电
3373,6000,2994,1,恒流恒压充电
3373,5999,2999,1,恒流恒压充电
3373,6000,3004,1,恒流恒压充电
3373,6000,3009,1,恒流恒压充电
3373,6000,3014,1,恒流恒压充电
3373,6000,3019,1,恒流恒压充电
3373,6000,3024,1,恒流恒压充电
3373,6000,3029,1,恒流恒压充电
3373,6000,3034,1,恒流恒压充电
3373,6000,3039,1,恒流恒压充电
3373,6000,3044,1,恒流恒压充电
3373,6000,3049,1,恒流恒压充电
3373,6000,3054,1,恒流恒压充电
3373,6000,3059,1,恒流恒压充电
3373,6000,3064,1,恒流恒压充电
3373,5999,3069,1,恒流恒压充电
3373,6000,3074,1,恒流恒压充电
3373,5999,3079,1,恒流恒压充电
3373,6000,3084,1,恒流恒压充电
3373,6000,3089,1,恒流恒压充电
3373,6000,3094,1,恒流恒压充电
3373,6000,3099,1,恒流恒压充电
3373,6000,3104,1,恒流恒压充电
3373,6000,3109,1,恒流恒压充电
3373,6000,3114,1,恒流恒压充电
3373,6000,3119,1,恒流恒压充电
3373,6000,3124,1,恒流恒压充电
3373,6000,3129,1,恒流恒压充电
3373,6000,3134,1,恒流恒压充电
3373,6000,3139,1,恒流恒压充电
3373,6000,3144,1,恒流恒压充电
3373,5999,3149,1,恒流恒压充电
3373,5999,3154,1,恒流恒压充电
3373,6000,3159,1,恒流恒压充电
3374,6000,3164,1,恒流恒压充电
3373,6000,3169,1,恒流恒压充电
3374,6000,3174,1,恒流恒压充电
3373,6000,3179,1,恒流恒压充电
3373,6000,3184,1,恒流恒压充电
3373,6000,3189,1,恒流恒压充电
3373,6000,3194,1,恒流恒压充电
3374,6000,3199,1,恒流恒压充电
3374,6000,3204,1,恒流恒压充电
3374,5999,3209,1,恒流恒压充电
3374,5999,3214,1,恒流恒压充电
3374,6000,3219,1,恒流恒压充电
3374,6000,3224,1,恒流恒压充电
3374,6000,3229,1,恒流恒压充电
3374,6000,3234,1,恒流恒压充电
3374,5999,3239,1,恒流恒压充电
3374,6000,3244,1,恒流恒压充电
3374,6000,3249,1,恒流恒压充电
3374,6000,3254,1,恒流恒压充电
3374,6000,3259,1,恒流恒压充电
3374,6000,3264,1,恒流恒压充电
3374,6000,3269,1,恒流恒压充电
3374,5999,3274,1,恒流恒压充电
3374,6000,3279,1,恒流恒压充电
3374,6000,3284,1,恒流恒压充电
3374,6000,3289,1,恒流恒压充电
3374,5999,3294,1,恒流恒压充电
3374,5999,3299,1,恒流恒压充电
3374,6000,3304,1,恒流恒压充电
3374,6000,3309,1,恒流恒压充电
3374,6000,3314,1,恒流恒压充电
3374,5999,3319,1,恒流恒压充电
3373,6000,3324,1,恒流恒压充电
3374,6000,3329,1,恒流恒压充电
3374,6000,3334,1,恒流恒压充电
3374,6000,3339,1,恒流恒压充电
3374,6000,3344,1,恒流恒压充电
3374,6000,3349,1,恒流恒压充电
3374,6000,3354,1,恒流恒压充电
3374,6000,3359,1,恒流恒压充电
3374,6000,3364,1,恒流恒压充电
3374,6000,3369,1,恒流恒压充电
3374,6000,3374,1,恒流恒压充电
3374,6000,3379,1,恒流恒压充电
3374,6000,3384,1,恒流恒压充电
3374,6000,3389,1,恒流恒压充电
3375,6000,3394,1,恒流恒压充电
3374,6000,3399,1,恒流恒压充电
3375,6000,3404,1,恒流恒压充电
3375,6000,3409,1,恒流恒压充电
3374,5999,3414,1,恒流恒压充电
3375,6000,3419,1,恒流恒压充电
3375,6000,3424,1,恒流恒压充电
3375,6000,3429,1,恒流恒压充电
3375,6000,3434,1,恒流恒压充电
3375,5999,3439,1,恒流恒压充电
3375,5999,3444,1,恒流恒压充电
3375,6000,3449,1,恒流恒压充电
3375,6000,3454,1,恒流恒压充电
3375,6000,3459,1,恒流恒压充电
3375,5999,3464,1,恒流恒压充电
3375,6000,3469,1,恒流恒压充电
3375,5999,3474,1,恒流恒压充电
3375,6000,3479,1,恒流恒压充电
3375,6000,3484,1,恒流恒压充电
3375,6000,3489,1,恒流恒压充电
3375,6000,3494,1,恒流恒压充电
3375,5999,3499,1,恒流恒压充电
3375,6000,3504,1,恒流恒压充电
3375,6000,3509,1,恒流恒压充电
3375,6000,3514,1,恒流恒压充电
3375,6000,3519,1,恒流恒压充电
3375,5999,3524,1,恒流恒压充电
3375,5999,3529,1,恒流恒压充电
3375,6000,3534,1,恒流恒压充电
3375,6000,3539,1,恒流恒压充电
3375,6000,3544,1,恒流恒压充电
3375,6000,3549,1,恒流恒压充电
3375,5999,3554,1,恒流恒压充电
3375,6000,3559,1,恒流恒压充电
3375,6000,3564,1,恒流恒压充电
3375,6000,3569,1,恒流恒压充电
3375,6000,3574,1,恒流恒压充电
3376,6000,3579,1,恒流恒压充电
3376,6000,3584,1,恒流恒压充电
3376,6000,3589,1,恒流恒压充电
3376,6000,3594,1,恒流恒压充电
3376,6000,3599,1,恒流恒压充电
3376,6000,3604,1,恒流恒压充电
3376,6000,3609,1,恒流恒压充电
3376,6000,3614,1,恒流恒压充电
3376,6000,3619,1,恒流恒压充电
3376,6000,3624,1,恒流恒压充电
3376,6000,3629,1,恒流恒压充电
3376,6000,3634,1,恒流恒压充电
3376,6000,3639,1,恒流恒压充电
3376,6000,3644,1,恒流恒压充电
3376,6000,3649,1,恒流恒压充电
3376,6000,3654,1,恒流恒压充电
3376,6000,3659,1,恒流恒压充电
3376,6000,3664,1,恒流恒压充电
3376,6000,3669,1,恒流恒压充电
3376,6000,3674,1,恒流恒压充电
3376,6000,3679,1,恒流恒压充电
3376,6000,3684,1,恒流恒压充电
3376,6000,3689,1,恒流恒压充电
3376,6000,3694,1,恒流恒压充电
3376,6000,3699,1,恒流恒压充电
3376,6000,3704,1,恒流恒压充电
3376,6000,3709,1,恒流恒压充电
3376,6000,3714,1,恒流恒压充电
3376,6000,3719,1,恒流恒压充电
3376,6000,3724,1,恒流恒压充电
3376,6000,3729,1,恒流恒压充电
3376,6000,3734,1,恒流恒压充电
3376,6000,3739,1,恒流恒压充电
3376,6000,3744,1,恒流恒压充电
3376,6000,3749,1,恒流恒压充电
3376,6000,3754,1,恒流恒压充电
3377,6000,3759,1,恒流恒压充电
3377,6000,3764,1,恒流恒压充电
3377,6000,3769,1,恒流恒压充电
3377,6000,3774,1,恒流恒压充电
3377,5999,3779,1,恒流恒压充电
3377,5999,3784,1,恒流恒压充电
3377,5999,3789,1,恒流恒压充电
3377,5999,3794,1,恒流恒压充电
3377,5999,3799,1,恒流恒压充电
3377,5999,3804,1,恒流恒压充电
3377,5999,3809,1,恒流恒压充电
3377,5999,3814,1,恒流恒压充电
3377,5999,3819,1,恒流恒压充电
3377,5999,3824,1,恒流恒压充电
3377,5999,3829,1,恒流恒压充电
3377,6000,3834,1,恒流恒压充电
3377,5999,3839,1,恒流恒压充电
3377,6000,3844,1,恒流恒压充电
3377,5999,3849,1,恒流恒压充电
3377,5999,3854,1,恒流恒压充电
3377,6000,3859,1,恒流恒压充电
3377,5999,3864,1,恒流恒压充电
3377,5999,3869,1,恒流恒压充电
3377,5999,3874,1,恒流恒压充电
3377,5999,3879,1,恒流恒压充电
3377,5999,3884,1,恒流恒压充电
3377,5999,3889,1,恒流恒压充电
3377,5999,3894,1,恒流恒压充电
3377,5999,3899,1,恒流恒压充电
3377,5999,3904,1,恒流恒压充电
3377,5999,3909,1,恒流恒压充电
3377,5999,3914,1,恒流恒压充电
3377,5999,3919,1,恒流恒压充电
3377,5999,3924,1,恒流恒压充电
3378,5999,3929,1,恒流恒压充电
3378,5999,3934,1,恒流恒压充电
3378,5999,3939,1,恒流恒压充电
3378,5999,3944,1,恒流恒压充电
3378,5999,3949,1,恒流恒压充电
3378,5999,3954,1,恒流恒压充电
3378,5999,3959,1,恒流恒压充电
3378,5999,3964,1,恒流恒压充电
3378,5999,3969,1,恒流恒压充电
3378,5999,3974,1,恒流恒压充电
3378,5999,3979,1,恒流恒压充电
3378,5999,3984,1,恒流恒压充电
3378,6000,3989,1,恒流恒压充电
3378,5999,3994,1,恒流恒压充电
3378,5999,3999,1,恒流恒压充电
3378,5999,4004,1,恒流恒压充电
3378,5999,4009,1,恒流恒压充电
3378,5999,4014,1,恒流恒压充电
3378,5999,4019,1,恒流恒压充电
3378,6000,4024,1,恒流恒压充电
3378,5999,4029,1,恒流恒压充电
3378,5999,4034,1,恒流恒压充电
3378,6000,4039,1,恒流恒压充电
3378,5999,4044,1,恒流恒压充电
3378,5999,4049,1,恒流恒压充电
3378,5999,4054,1,恒流恒压充电
3378,5999,4059,1,恒流恒压充电
3378,5999,4064,1,恒流恒压充电
3378,5999,4069,1,恒流恒压充电
3379,5999,4074,1,恒流恒压充电
3379,5999,4079,1,恒流恒压充电
3379,5999,4084,1,恒流恒压充电
3379,5999,4089,1,恒流恒压充电
3379,5999,4094,1,恒流恒压充电
3379,6000,4099,1,恒流恒压充电
3379,5999,4104,1,恒流恒压充电
3379,5999,4109,1,恒流恒压充电
3379,5999,4114,1,恒流恒压充电
3379,5999,4119,1,恒流恒压充电
3379,5999,4124,1,恒流恒压充电
3379,6000,4129,1,恒流恒压充电
3379,5999,4134,1,恒流恒压充电
3379,6000,4139,1,恒流恒压充电
3379,5999,4144,1,恒流恒压充电
3379,6000,4149,1,恒流恒压充电
3379,6000,4154,1,恒流恒压充电
3379,6000,4159,1,恒流恒压充电
3379,5999,4164,1,恒流恒压充电
3379,6000,4169,1,恒流恒压充电
3379,6000,4174,1,恒流恒压充电
3379,6000,4179,1,恒流恒压充电
3379,6000,4184,1,恒流恒压充电
3379,6000,4189,1,恒流恒压充电
3379,6000,4194,1,恒流恒压充电
3379,6000,4199,1,恒流恒压充电
3379,6000,4204,1,恒流恒压充电
3379,6000,4209,1,恒流恒压充电
3379,5999,4214,1,恒流恒压充电
3379,6000,4219,1,恒流恒压充电
3379,6000,4224,1,恒流恒压充电
3379,6000,4229,1,恒流恒压充电
3380,6000,4234,1,恒流恒压充电
3380,6000,4239,1,恒流恒压充电
3380,6000,4244,1,恒流恒压充电
3380,6000,4249,1,恒流恒压充电
3380,6000,4254,1,恒流恒压充电
3380,6000,4259,1,恒流恒压充电
3380,6000,4264,1,恒流恒压充电
3380,6000,4269,1,恒流恒压充电
3380,6000,4274,1,恒流恒压充电
3380,6000,4279,1,恒流恒压充电
3380,6000,4284,1,恒流恒压充电
3380,6000,4289,1,恒流恒压充电
3380,6000,4294,1,恒流恒压充电
3380,6000,4299,1,恒流恒压充电
3380,6000,4304,1,恒流恒压充电
3380,6000,4309,1,恒流恒压充电
3380,6000,4314,1,恒流恒压充电
3380,6000,4319,1,恒流恒压充电
3380,6000,4324,1,恒流恒压充电
3380,6000,4329,1,恒流恒压充电
3380,6000,4334,1,恒流恒压充电
3380,6000,4339,1,恒流恒压充电
3380,6000,4344,1,恒流恒压充电
3380,6000,4349,1,恒流恒压充电
3380,6000,4354,1,恒流恒压充电
3380,6000,4359,1,恒流恒压充电
3380,6000,4364,1,恒流恒压充电
3380,6000,4369,1,恒流恒压充电
3381,6000,4374,1,恒流恒压充电
3381,6000,4379,1,恒流恒压充电
3381,6000,4384,1,恒流恒压充电
3381,6000,4389,1,恒流恒压充电
3381,6000,4394,1,恒流恒压充电
3381,6000,4399,1,恒流恒压充电
3381,6000,4404,1,恒流恒压充电
3381,6000,4409,1,恒流恒压充电
3381,6000,4414,1,恒流恒压充电
3381,6000,4419,1,恒流恒压充电
3381,6000,4424,1,恒流恒压充电
3381,5999,4429,1,恒流恒压充电
3381,5999,4434,1,恒流恒压充电
3381,5999,4439,1,恒流恒压充电
3381,5999,4444,1,恒流恒压充电
3381,6000,4449,1,恒流恒压充电
3381,5999,4454,1,恒流恒压充电
3381,5999,4459,1,恒流恒压充电
3381,5999,4464,1,恒流恒压充电
3381,5999,4469,1,恒流恒压充电
3381,6000,4474,1,恒流恒压充电
3381,5999,4479,1,恒流恒压充电
3381,5999,4484,1,恒流恒压充电
3381,5999,4489,1,恒流恒压充电
3381,5999,4494,1,恒流恒压充电
3382,5999,4499,1,恒流恒压充电
3382,5999,4504,1,恒流恒压充电
3382,5999,4509,1,恒流恒压充电
3382,5999,4509,1,恒流恒压充电
3382,5999,4514,1,恒流恒压充电
3382,5999,4519,1,恒流恒压充电
3382,5999,4524,1,恒流恒压充电
3382,5999,4529,1,恒流恒压充电
3382,5999,4534,1,恒流恒压充电
3382,5999,4539,1,恒流恒压充电
3382,5999,4544,1,恒流恒压充电
3382,5999,4549,1,恒流恒压充电
3382,5999,4554,1,恒流恒压充电
3382,5999,4559,1,恒流恒压充电
3382,5999,4564,1,恒流恒压充电
3382,5999,4569,1,恒流恒压充电
3382,5999,4574,1,恒流恒压充电
3382,5999,4579,1,恒流恒压充电
3382,5999,4584,1,恒流恒压充电
3382,5999,4589,1,恒流恒压充电
3382,5999,4594,1,恒流恒压充电
3382,5999,4599,1,恒流恒压充电
3382,5999,4604,1,恒流恒压充电
3382,5999,4609,1,恒流恒压充电
3382,5999,4614,1,恒流恒压充电
3382,5999,4619,1,恒流恒压充电
3383,5999,4624,1,恒流恒压充电
3383,5999,4629,1,恒流恒压充电
3383,5999,4634,1,恒流恒压充电
3383,5999,4639,1,恒流恒压充电
3383,5999,4644,1,恒流恒压充电
3383,5999,4649,1,恒流恒压充电
3383,5999,4654,1,恒流恒压充电
3383,5999,4659,1,恒流恒压充电
3383,5999,4664,1,恒流恒压充电
3383,5999,4669,1,恒流恒压充电
3383,5999,4674,1,恒流恒压充电
3383,5999,4679,1,恒流恒压充电
3383,5999,4684,1,恒流恒压充电
3383,5999,4689,1,恒流恒压充电
3383,5999,4694,1,恒流恒压充电
3383,5999,4699,1,恒流恒压充电
3383,5999,4704,1,恒流恒压充电
3383,5999,4709,1,恒流恒压充电
3383,5999,4714,1,恒流恒压充电
3383,5999,4719,1,恒流恒压充电
3383,5999,4724,1,恒流恒压充电
3383,5999,4729,1,恒流恒压充电
3383,6000,4734,1,恒流恒压充电
3383,5999,4739,1,恒流恒压充电
3383,5999,4744,1,恒流恒压充电
3383,6000,4749,1,恒流恒压充电
3384,5999,4754,1,恒流恒压充电
3384,5999,4759,1,恒流恒压充电
3384,5999,4764,1,恒流恒压充电
3384,5999,4769,1,恒流恒压充电
3384,5999,4774,1,恒流恒压充电
3384,5999,4779,1,恒流恒压充电
3384,5999,4784,1,恒流恒压充电
3384,5999,4789,1,恒流恒压充电
3384,5999,4794,1,恒流恒压充电
3384,5999,4799,1,恒流恒压充电
3384,6000,4804,1,恒流恒压充电
3384,5999,4809,1,恒流恒压充电
3384,5999,4814,1,恒流恒压充电
3384,5999,4819,1,恒流恒压充电
3384,5999,4824,1,恒流恒压充电
3384,5999,4829,1,恒流恒压充电
3384,5999,4834,1,恒流恒压充电
3384,5999,4839,1,恒流恒压充电
3384,5999,4844,1,恒流恒压充电
3384,5999,4849,1,恒流恒压充电
3384,5999,4854,1,恒流恒压充电
3384,5999,4859,1,恒流恒压充电
3384,5999,4864,1,恒流恒压充电
3384,5999,4869,1,恒流恒压充电
3384,5999,4874,1,恒流恒压充电
3384,6000,4879,1,恒流恒压充电
3384,5999,4884,1,恒流恒压充电
3385,5999,4889,1,恒流恒压充电
3385,5999,4894,1,恒流恒压充电
3385,5999,4899,1,恒流恒压充电
3385,6000,4904,1,恒流恒压充电
3385,5999,4909,1,恒流恒压充电
3385,5999,4914,1,恒流恒压充电
3385,5999,4919,1,恒流恒压充电
3385,5999,4924,1,恒流恒压充电
3385,5999,4929,1,恒流恒压充电
3385,5999,4934,1,恒流恒压充电
3385,5999,4939,1,恒流恒压充电
3385,5999,4944,1,恒流恒压充电
3385,5999,4949,1,恒流恒压充电
3385,5999,4954,1,恒流恒压充电
3385,5999,4959,1,恒流恒压充电
3385,5999,4964,1,恒流恒压充电
3385,5999,4969,1,恒流恒压充电
3385,5999,4974,1,恒流恒压充电
3385,5999,4979,1,恒流恒压充电
3385,5999,4984,1,恒流恒压充电
3385,5999,4989,1,恒流恒压充电
3385,5999,4994,1,恒流恒压充电
3385,5999,4999,1,恒流恒压充电
3385,5999,5004,1,恒流恒压充电
3385,5999,5009,1,恒流恒压充电
3386,5999,5014,1,恒流恒压充电
3386,5999,5019,1,恒流恒压充电
3386,5999,5024,1,恒流恒压充电
3386,5999,5029,1,恒流恒压充电
3386,5999,5034,1,恒流恒压充电
3386,5999,5039,1,恒流恒压充电
3386,5999,5044,1,恒流恒压充电
3386,5999,5049,1,恒流恒压充电
3386,5999,5054,1,恒流恒压充电
3386,5999,5059,1,恒流恒压充电
3386,5999,5064,1,恒流恒压充电
3386,5999,5069,1,恒流恒压充电
3386,5999,5074,1,恒流恒压充电
3386,5999,5079,1,恒流恒压充电
3386,5999,5084,1,恒流恒压充电
3386,5999,5089,1,恒流恒压充电
3386,5999,5094,1,恒流恒压充电
3386,5999,5099,1,恒流恒压充电
3386,5999,5104,1,恒流恒压充电
3386,5999,5109,1,恒流恒压充电
3386,5999,5114,1,恒流恒压充电
3386,5999,5119,1,恒流恒压充电
3386,5999,5124,1,恒流恒压充电
3386,5999,5129,1,恒流恒压充电
3386,5999,5134,1,恒流恒压充电
3387,5999,5139,1,恒流恒压充电
3387,5999,5144,1,恒流恒压充电
3387,5999,5149,1,恒流恒压充电
3387,5999,5154,1,恒流恒压充电
3387,5999,5159,1,恒流恒压充电
3387,5999,5164,1,恒流恒压充电
3387,5999,5169,1,恒流恒压充电
3387,5999,5174,1,恒流恒压充电
3387,5999,5179,1,恒流恒压充电
3387,5999,5184,1,恒流恒压充电
3387,5999,5189,1,恒流恒压充电
3387,6000,5194,1,恒流恒压充电
3387,5999,5199,1,恒流恒压充电
3387,5999,5204,1,恒流恒压充电
3387,5999,5209,1,恒流恒压充电
3387,5999,5214,1,恒流恒压充电
3387,5999,5219,1,恒流恒压充电
3387,5999,5224,1,恒流恒压充电
3387,5999,5229,1,恒流恒压充电
3387,5999,5234,1,恒流恒压充电
3387,5999,5239,1,恒流恒压充电
3387,5999,5244,1,恒流恒压充电
3387,5999,5249,1,恒流恒压充电
3387,5999,5254,1,恒流恒压充电
3387,5999,5259,1,恒流恒压充电
3388,5999,5264,1,恒流恒压充电
3388,5999,5269,1,恒流恒压充电
3388,5999,5274,1,恒流恒压充电
3388,5999,5279,1,恒流恒压充电
3388,5999,5284,1,恒流恒压充电
3388,5999,5289,1,恒流恒压充电
3388,5999,5294,1,恒流恒压充电
3388,5999,5299,1,恒流恒压充电
3388,5999,5304,1,恒流恒压充电
3388,5999,5309,1,恒流恒压充电
3388,5999,5314,1,恒流恒压充电
3388,5999,5319,1,恒流恒压充电
3388,5999,5324,1,恒流恒压充电
3388,5999,5329,1,恒流恒压充电
3388,5999,5334,1,恒流恒压充电
3388,5999,5339,1,恒流恒压充电
3388,6000,5344,1,恒流恒压充电
3388,5999,5349,1,恒流恒压充电
3388,5999,5354,1,恒流恒压充电
3388,5999,5359,1,恒流恒压充电
3388,5999,5364,1,恒流恒压充电
3388,5999,5369,1,恒流恒压充电
3388,5999,5374,1,恒流恒压充电
3388,5999,5379,1,恒流恒压充电
3388,6000,5384,1,恒流恒压充电
3388,5999,5389,1,恒流恒压充电
3389,5999,5394,1,恒流恒压充电
3389,5999,5399,1,恒流恒压充电
3389,5999,5404,1,恒流恒压充电
3389,5999,5409,1,恒流恒压充电
3389,6000,5414,1,恒流恒压充电
3389,5999,5419,1,恒流恒压充电
3389,5999,5424,1,恒流恒压充电
3389,5999,5429,1,恒流恒压充电
3389,5999,5434,1,恒流恒压充电
3389,5999,5439,1,恒流恒压充电
3389,5999,5444,1,恒流恒压充电
3389,5999,5449,1,恒流恒压充电
3389,5999,5454,1,恒流恒压充电
3389,5999,5459,1,恒流恒压充电
3389,5999,5464,1,恒流恒压充电
3389,5999,5469,1,恒流恒压充电
3389,5999,5474,1,恒流恒压充电
3389,5999,5479,1,恒流恒压充电
3389,5999,5484,1,恒流恒压充电
3389,5999,5489,1,恒流恒压充电
3389,5999,5494,1,恒流恒压充电
3389,5999,5499,1,恒流恒压充电
3389,5999,5504,1,恒流恒压充电
3390,5999,5509,1,恒流恒压充电
3390,5999,5514,1,恒流恒压充电
3390,5999,5519,1,恒流恒压充电
3390,5999,5524,1,恒流恒压充电
3390,5999,5529,1,恒流恒压充电
3390,5999,5534,1,恒流恒压充电
3390,5999,5539,1,恒流恒压充电
3390,5999,5544,1,恒流恒压充电
3390,5999,5549,1,恒流恒压充电
3390,5999,5554,1,恒流恒压充电
3390,5999,5559,1,恒流恒压充电
3390,5999,5564,1,恒流恒压充电
3390,6000,5569,1,恒流恒压充电
3390,6000,5574,1,恒流恒压充电
3390,6000,5579,1,恒流恒压充电
3390,6000,5584,1,恒流恒压充电
3390,6000,5589,1,恒流恒压充电
3390,6000,5594,1,恒流恒压充电
3390,6000,5599,1,恒流恒压充电
3390,6000,5604,1,恒流恒压充电
3390,6000,5609,1,恒流恒压充电
3390,6000,5614,1,恒流恒压充电
3390,6000,5619,1,恒流恒压充电
3391,6000,5624,1,恒流恒压充电
3391,6000,5629,1,恒流恒压充电
3391,6000,5634,1,恒流恒压充电
3391,6000,5639,1,恒流恒压充电
3391,6000,5644,1,恒流恒压充电
3391,6000,5649,1,恒流恒压充电
3391,6000,5654,1,恒流恒压充电
3391,6000,5659,1,恒流恒压充电
3391,6000,5664,1,恒流恒压充电
3391,6000,5669,1,恒流恒压充电
3391,6000,5674,1,恒流恒压充电
3391,6000,5679,1,恒流恒压充电
3391,6000,5684,1,恒流恒压充电
3391,6000,5689,1,恒流恒压充电
3391,6000,5694,1,恒流恒压充电
3391,6000,5699,1,恒流恒压充电
3391,6000,5704,1,恒流恒压充电
3391,6000,5709,1,恒流恒压充电
3391,6000,5714,1,恒流恒压充电
3391,6000,5719,1,恒流恒压充电
3391,6000,5724,1,恒流恒压充电
3391,6000,5729,1,恒流恒压充电
3391,6000,5734,1,恒流恒压充电
3392,6000,5739,1,恒流恒压充电
3392,6000,5744,1,恒流恒压充电
3392,6000,5749,1,恒流恒压充电
3392,6000,5754,1,恒流恒压充电
3392,6000,5759,1,恒流恒压充电
3392,6000,5764,1,恒流恒压充电
3392,6000,5769,1,恒流恒压充电
3392,6000,5774,1,恒流恒压充电
3392,6000,5779,1,恒流恒压充电
3392,6000,5784,1,恒流恒压充电
3392,6000,5789,1,恒流恒压充电
3392,6000,5794,1,恒流恒压充电
3392,6000,5799,1,恒流恒压充电
3392,6000,5804,1,恒流恒压充电
3392,6000,5809,1,恒流恒压充电
3392,6000,5814,1,恒流恒压充电
3392,6000,5819,1,恒流恒压充电
3392,6000,5824,1,恒流恒压充电
3392,6000,5829,1,恒流恒压充电
3392,6000,5834,1,恒流恒压充电
3392,5999,5839,1,恒流恒压充电
3392,5999,5844,1,恒流恒压充电
3392,5999,5849,1,恒流恒压充电
3393,5999,5854,1,恒流恒压充电
3393,5999,5859,1,恒流恒压充电
3393,5999,5859,1,恒流恒压充电
3393,5999,5864,1,恒流恒压充电
3393,5999,5869,1,恒流恒压充电
3393,5999,5874,1,恒流恒压充电
3393,5999,5879,1,恒流恒压充电
3393,5999,5884,1,恒流恒压充电
3393,5999,5889,1,恒流恒压充电
3393,5999,5894,1,恒流恒压充电
3393,5999,5899,1,恒流恒压充电
3393,5999,5904,1,恒流恒压充电
3393,5999,5909,1,恒流恒压充电
3393,5999,5914,1,恒流恒压充电
3393,5999,5919,1,恒流恒压充电
3393,5999,5924,1,恒流恒压充电
3393,5999,5929,1,恒流恒压充电
3393,5999,5934,1,恒流恒压充电
3393,5999,5939,1,恒流恒压充电
3393,5999,5944,1,恒流恒压充电
3393,6000,5949,1,恒流恒压充电
3393,5999,5954,1,恒流恒压充电
3393,5999,5959,1,恒流恒压充电
3393,5999,5964,1,恒流恒压充电
3393,5999,5969,1,恒流恒压充电
3393,5999,5974,1,恒流恒压充电
3394,5999,5979,1,恒流恒压充电
3394,5999,5984,1,恒流恒压充电
3394,5999,5989,1,恒流恒压充电
3394,5999,5994,1,恒流恒压充电
3394,5999,5999,1,恒流恒压充电
3394,5999,6004,1,恒流恒压充电
3394,5999,6009,1,恒流恒压充电
3394,5999,6014,1,恒流恒压充电
3394,5999,6019,1,恒流恒压充电
3394,5999,6024,1,恒流恒压充电
3394,5999,6029,1,恒流恒压充电
3394,5999,6034,1,恒流恒压充电
3394,5999,6039,1,恒流恒压充电
3394,5999,6044,1,恒流恒压充电
3394,5999,6049,1,恒流恒压充电
3394,5999,6054,1,恒流恒压充电
3394,5999,6059,1,恒流恒压充电
3394,5999,6064,1,恒流恒压充电
3394,5999,6069,1,恒流恒压充电
3394,5999,6074,1,恒流恒压充电
3394,5999,6079,1,恒流恒压充电
3394,5999,6084,1,恒流恒压充电
3394,5999,6089,1,恒流恒压充电
3394,5999,6094,1,恒流恒压充电
3394,5999,6099,1,恒流恒压充电
3394,5999,6104,1,恒流恒压充电
3394,5999,6109,1,恒流恒压充电
3395,5999,6114,1,恒流恒压充电
3395,5999,6119,1,恒流恒压充电
3395,5999,6124,1,恒流恒压充电
3395,5999,6129,1,恒流恒压充电
3395,5999,6134,1,恒流恒压充电
3395,5999,6139,1,恒流恒压充电
3395,5999,6144,1,恒流恒压充电
3395,5999,6149,1,恒流恒压充电
3395,5999,6154,1,恒流恒压充电
3395,5999,6159,1,恒流恒压充电
3395,5999,6164,1,恒流恒压充电
3395,5999,6169,1,恒流恒压充电
3395,5999,6174,1,恒流恒压充电
3395,5999,6179,1,恒流恒压充电
3395,5999,6184,1,恒流恒压充电
3395,5999,6189,1,恒流恒压充电
3395,5999,6194,1,恒流恒压充电
3395,6000,6199,1,恒流恒压充电
3395,5999,6204,1,恒流恒压充电
3395,6000,6209,1,恒流恒压充电
3395,5999,6214,1,恒流恒压充电
3395,5999,6219,1,恒流恒压充电
3395,6000,6224,1,恒流恒压充电
3395,5999,6229,1,恒流恒压充电
3395,5999,6234,1,恒流恒压充电
3395,5999,6239,1,恒流恒压充电
3396,5999,6244,1,恒流恒压充电
3395,5999,6249,1,恒流恒压充电
3396,5999,6254,1,恒流恒压充电
3396,5999,6259,1,恒流恒压充电
3396,5999,6264,1,恒流恒压充电
3396,5999,6269,1,恒流恒压充电
3396,5999,6274,1,恒流恒压充电
3396,5999,6279,1,恒流恒压充电
3396,5999,6284,1,恒流恒压充电
3396,5999,6289,1,恒流恒压充电
3396,5999,6294,1,恒流恒压充电
3396,5999,6299,1,恒流恒压充电
3396,5999,6304,1,恒流恒压充电
3396,5999,6309,1,恒流恒压充电
3396,5999,6314,1,恒流恒压充电
3396,5999,6319,1,恒流恒压充电
3396,5999,6324,1,恒流恒压充电
3396,5999,6329,1,恒流恒压充电
3396,5999,6334,1,恒流恒压充电
3396,5999,6339,1,恒流恒压充电
3396,5999,6344,1,恒流恒压充电
3396,5999,6349,1,恒流恒压充电
3396,5999,6354,1,恒流恒压充电
3396,5999,6359,1,恒流恒压充电
3396,5999,6364,1,恒流恒压充电
3396,5999,6369,1,恒流恒压充电
3396,5999,6374,1,恒流恒压充电
3396,5999,6379,1,恒流恒压充电
3396,5999,6384,1,恒流恒压充电
3397,5999,6389,1,恒流恒压充电
3397,5999,6394,1,恒流恒压充电
3397,5999,6399,1,恒流恒压充电
3397,5999,6404,1,恒流恒压充电
3397,5999,6409,1,恒流恒压充电
3397,6000,6414,1,恒流恒压充电
3397,5999,6419,1,恒流恒压充电
3397,5999,6424,1,恒流恒压充电
3397,5999,6429,1,恒流恒压充电
3397,5999,6434,1,恒流恒压充电
3397,5999,6439,1,恒流恒压充电
3397,5999,6444,1,恒流恒压充电
3397,5999,6449,1,恒流恒压充电
3397,5999,6454,1,恒流恒压充电
3397,5999,6459,1,恒流恒压充电
3397,5999,6464,1,恒流恒压充电
3397,5999,6469,1,恒流恒压充电
3397,5999,6474,1,恒流恒压充电
3397,5999,6479,1,恒流恒压充电
3397,6000,6484,1,恒流恒压充电
3397,5999,6489,1,恒流恒压充电
3397,5999,6494,1,恒流恒压充电
3397,5999,6499,1,恒流恒压充电
3397,5999,6504,1,恒流恒压充电
3397,5999,6509,1,恒流恒压充电
3397,5999,6514,1,恒流恒压充电
3397,5999,6519,1,恒流恒压充电
3397,5999,6524,1,恒流恒压充电
3397,6000,6529,1,恒流恒压充电
3398,5999,6534,1,恒流恒压充电
3398,5999,6539,1,恒流恒压充电
3398,5999,6544,1,恒流恒压充电
3398,5999,6549,1,恒流恒压充电
3398,5999,6554,1,恒流恒压充电
3398,5999,6559,1,恒流恒压充电
3398,5999,6564,1,恒流恒压充电
3398,5999,6569,1,恒流恒压充电
3398,5999,6574,1,恒流恒压充电
3398,5999,6579,1,恒流恒压充电
3398,5999,6584,1,恒流恒压充电
3398,5999,6589,1,恒流恒压充电
3398,6000,6594,1,恒流恒压充电
3398,5999,6599,1,恒流恒压充电
3398,5999,6604,1,恒流恒压充电
3398,5999,6609,1,恒流恒压充电
3398,5999,6614,1,恒流恒压充电
3398,5999,6619,1,恒流恒压充电
3398,5999,6624,1,恒流恒压充电
3398,5999,6629,1,恒流恒压充电
3398,5999,6634,1,恒流恒压充电
3398,5999,6639,1,恒流恒压充电
3398,5999,6644,1,恒流恒压充电
3398,5999,6649,1,恒流恒压充电
3398,5999,6654,1,恒流恒压充电
3398,5999,6659,1,恒流恒压充电
3398,6000,6664,1,恒流恒压充电
3398,5999,6669,1,恒流恒压充电
3398,5999,6674,1,恒流恒压充电
3398,5999,6679,1,恒流恒压充电
3398,5999,6684,1,恒流恒压充电
3398,5999,6689,1,恒流恒压充电
3399,5999,6694,1,恒流恒压充电
3399,5999,6699,1,恒流恒压充电
3399,5999,6704,1,恒流恒压充电
3399,5999,6709,1,恒流恒压充电
3399,5999,6714,1,恒流恒压充电
3399,5999,6719,1,恒流恒压充电
3399,5999,6724,1,恒流恒压充电
3399,5999,6729,1,恒流恒压充电
3399,5999,6734,1,恒流恒压充电
3399,5999,6739,1,恒流恒压充电
3399,5999,6744,1,恒流恒压充电
3399,5999,6749,1,恒流恒压充电
3399,5999,6754,1,恒流恒压充电
3399,5999,6759,1,恒流恒压充电
3399,5999,6764,1,恒流恒压充电
3399,5999,6769,1,恒流恒压充电
3399,6000,6774,1,恒流恒压充电
3399,5999,6779,1,恒流恒压充电
3399,5999,6784,1,恒流恒压充电
3399,5999,6789,1,恒流恒压充电
3399,5999,6794,1,恒流恒压充电
3399,5999,6799,1,恒流恒压充电
3399,5999,6804,1,恒流恒压充电
3399,5999,6809,1,恒流恒压充电
3399,5999,6814,1,恒流恒压充电
3399,5999,6819,1,恒流恒压充电
3399,5999,6824,1,恒流恒压充电
3399,5999,6829,1,恒流恒压充电
3399,5999,6834,1,恒流恒压充电
3399,5999,6839,1,恒流恒压充电
3399,5999,6844,1,恒流恒压充电
3399,5999,6849,1,恒流恒压充电
3399,5999,6854,1,恒流恒压充电
3399,5999,6859,1,恒流恒压充电
3399,5999,6864,1,恒流恒压充电
3399,5999,6869,1,恒流恒压充电
3399,5999,6874,1,恒流恒压充电
3399,5999,6879,1,恒流恒压充电
3399,5999,6884,1,恒流恒压充电
3399,5999,6889,1,恒流恒压充电
3399,5999,6894,1,恒流恒压充电
3399,5999,6899,1,恒流恒压充电
3399,6000,6904,1,恒流恒压充电
3399,5999,6909,1,恒流恒压充电
3399,5999,6914,1,恒流恒压充电
3399,5999,6919,1,恒流恒压充电
3399,5999,6924,1,恒流恒压充电
3399,5999,6929,1,恒流恒压充电
3399,5999,6934,1,恒流恒压充电
3399,5999,6939,1,恒流恒压充电
3399,5999,6944,1,恒流恒压充电
3399,5999,6949,1,恒流恒压充电
3399,5999,6954,1,恒流恒压充电
3399,5999,6959,1,恒流恒压充电
3399,5999,6964,1,恒流恒压充电
3399,5999,6969,1,恒流恒压充电
3399,5999,6974,1,恒流恒压充电
3399,5999,6979,1,恒流恒压充电
3400,5999,6984,1,恒流恒压充电
3400,5999,6989,1,恒流恒压充电
3400,5999,6994,1,恒流恒压充电
3400,5999,6999,1,恒流恒压充电
3400,5999,7004,1,恒流恒压充电
3400,5999,7009,1,恒流恒压充电
3400,5999,7014,1,恒流恒压充电
3400,5999,7019,1,恒流恒压充电
3400,5999,7024,1,恒流恒压充电
3400,5999,7029,1,恒流恒压充电
3400,5999,7034,1,恒流恒压充电
3400,5999,7039,1,恒流恒压充电
3400,5999,7044,1,恒流恒压充电
3400,5999,7049,1,恒流恒压充电
3400,5999,7054,1,恒流恒压充电
3400,5999,7059,1,恒流恒压充电
3400,5999,7064,1,恒流恒压充电
3400,5999,7069,1,恒流恒压充电
3400,5999,7074,1,恒流恒压充电
3400,5999,7079,1,恒流恒压充电
3400,5999,7084,1,恒流恒压充电
3400,5999,7089,1,恒流恒压充电
3400,5999,7094,1,恒流恒压充电
3400,5999,7099,1,恒流恒压充电
3400,5999,7104,1,恒流恒压充电
3400,5999,7109,1,恒流恒压充电
3400,5999,7114,1,恒流恒压充电
3400,5999,7119,1,恒流恒压充电
3400,5999,7124,1,恒流恒压充电
3401,6000,7129,1,恒流恒压充电
3400,5999,7134,1,恒流恒压充电
3401,5999,7139,1,恒流恒压充电
3401,5999,7144,1,恒流恒压充电
3401,5999,7149,1,恒流恒压充电
3401,5999,7154,1,恒流恒压充电
3401,5999,7159,1,恒流恒压充电
3401,6000,7164,1,恒流恒压充电
3401,5999,7169,1,恒流恒压充电
3401,5999,7174,1,恒流恒压充电
3401,5999,7179,1,恒流恒压充电
3401,5999,7184,1,恒流恒压充电
3401,5999,7189,1,恒流恒压充电
3401,5999,7194,1,恒流恒压充电
3401,5999,7199,1,恒流恒压充电
3401,5999,7204,1,恒流恒压充电
3401,6000,7209,1,恒流恒压充电
3401,5999,7214,1,恒流恒压充电
3401,5999,7219,1,恒流恒压充电
3401,5999,7224,1,恒流恒压充电
3401,6000,7229,1,恒流恒压充电
3401,5999,7229,1,恒流恒压充电
3401,5999,7234,1,恒流恒压充电
3401,5999,7239,1,恒流恒压充电
3401,5999,7244,1,恒流恒压充电
3401,5999,7249,1,恒流恒压充电
3401,5999,7254,1,恒流恒压充电
3401,5999,7259,1,恒流恒压充电
3402,5999,7264,1,恒流恒压充电
3402,5999,7269,1,恒流恒压充电
3402,6000,7274,1,恒流恒压充电
3402,5999,7279,1,恒流恒压充电
3402,5999,7284,1,恒流恒压充电
3402,5999,7289,1,恒流恒压充电
3402,5999,7294,1,恒流恒压充电
3402,5999,7299,1,恒流恒压充电
3402,5999,7304,1,恒流恒压充电
3402,5999,7309,1,恒流恒压充电
3402,6000,7314,1,恒流恒压充电
3402,5999,7319,1,恒流恒压充电
3402,5999,7324,1,恒流恒压充电
3402,5999,7329,1,恒流恒压充电
3402,5999,7334,1,恒流恒压充电
3402,5999,7339,1,恒流恒压充电
3402,5999,7344,1,恒流恒压充电
3402,5999,7349,1,恒流恒压充电
3402,5999,7354,1,恒流恒压充电
3402,5999,7359,1,恒流恒压充电
3402,5999,7364,1,恒流恒压充电
3402,5999,7369,1,恒流恒压充电
3402,5999,7374,1,恒流恒压充电
3402,5999,7379,1,恒流恒压充电
3402,5999,7384,1,恒流恒压充电
3402,5999,7389,1,恒流恒压充电
3402,5999,7394,1,恒流恒压充电
3403,5999,7399,1,恒流恒压充电
3403,5999,7404,1,恒流恒压充电
3403,5999,7409,1,恒流恒压充电
3403,6000,7414,1,恒流恒压充电
3403,5999,7419,1,恒流恒压充电
3403,5999,7424,1,恒流恒压充电
3403,5999,7429,1,恒流恒压充电
3403,5999,7434,1,恒流恒压充电
3403,5999,7439,1,恒流恒压充电
3403,5999,7444,1,恒流恒压充电
3403,5999,7449,1,恒流恒压充电
3403,5999,7454,1,恒流恒压充电
3403,5999,7459,1,恒流恒压充电
3403,5999,7464,1,恒流恒压充电
3403,5999,7469,1,恒流恒压充电
3403,5999,7474,1,恒流恒压充电
3403,5999,7479,1,恒流恒压充电
3403,5999,7484,1,恒流恒压充电
3403,5999,7489,1,恒流恒压充电
3403,5999,7494,1,恒流恒压充电
3403,5999,7499,1,恒流恒压充电
3403,5999,7504,1,恒流恒压充电
3403,5999,7509,1,恒流恒压充电
3402,5999,7514,1,恒流恒压充电
3403,5999,7519,1,恒流恒压充电
3403,5999,7524,1,恒流恒压充电
3404,5999,7529,1,恒流恒压充电
3404,5999,7534,1,恒流恒压充电
3404,5999,7539,1,恒流恒压充电
3404,5999,7544,1,恒流恒压充电
3404,5999,7549,1,恒流恒压充电
3404,5999,7554,1,恒流恒压充电
3404,5999,7559,1,恒流恒压充电
3404,5999,7564,1,恒流恒压充电
3404,5999,7569,1,恒流恒压充电
3404,5999,7574,1,恒流恒压充电
3404,5999,7579,1,恒流恒压充电
3404,5999,7584,1,恒流恒压充电
3404,5999,7589,1,恒流恒压充电
3404,5999,7594,1,恒流恒压充电
3404,5999,7599,1,恒流恒压充电
3404,5999,7604,1,恒流恒压充电
3404,5999,7609,1,恒流恒压充电
3404,5999,7614,1,恒流恒压充电
3404,5999,7619,1,恒流恒压充电
3404,5999,7624,1,恒流恒压充电
3404,5999,7629,1,恒流恒压充电
3404,5999,7634,1,恒流恒压充电
3404,5999,7639,1,恒流恒压充电
3404,5999,7644,1,恒流恒压充电
3404,5999,7649,1,恒流恒压充电
3404,6000,7654,1,恒流恒压充电
3404,5999,7659,1,恒流恒压充电
3405,5999,7664,1,恒流恒压充电
3405,5999,7669,1,恒流恒压充电
3405,5999,7674,1,恒流恒压充电
3405,5999,7679,1,恒流恒压充电
3405,5999,7684,1,恒流恒压充电
3405,5999,7689,1,恒流恒压充电
3405,5999,7694,1,恒流恒压充电
3405,5999,7699,1,恒流恒压充电
3405,5999,7704,1,恒流恒压充电
3405,6000,7709,1,恒流恒压充电
3405,5999,7714,1,恒流恒压充电
3405,5999,7719,1,恒流恒压充电
3405,5999,7724,1,恒流恒压充电
3405,5999,7729,1,恒流恒压充电
3405,5999,7734,1,恒流恒压充电
3405,5999,7739,1,恒流恒压充电
3405,5999,7744,1,恒流恒压充电
3405,5999,7749,1,恒流恒压充电
3405,5999,7754,1,恒流恒压充电
3405,5999,7759,1,恒流恒压充电
3405,5999,7764,1,恒流恒压充电
3405,5999,7769,1,恒流恒压充电
3405,5999,7774,1,恒流恒压充电
3405,5999,7779,1,恒流恒压充电
3406,5999,7784,1,恒流恒压充电
3406,5999,7789,1,恒流恒压充电
3406,5999,7794,1,恒流恒压充电
3406,5999,7799,1,恒流恒压充电
3406,5999,7804,1,恒流恒压充电
3406,5999,7809,1,恒流恒压充电
3406,5999,7814,1,恒流恒压充电
3406,5999,7819,1,恒流恒压充电
3406,5999,7824,1,恒流恒压充电
3406,5999,7829,1,恒流恒压充电
3406,5999,7834,1,恒流恒压充电
3406,5999,7839,1,恒流恒压充电
3406,5999,7844,1,恒流恒压充电
3406,5999,7849,1,恒流恒压充电
3406,5999,7854,1,恒流恒压充电
3406,5999,7859,1,恒流恒压充电
3406,5999,7864,1,恒流恒压充电
3406,5999,7869,1,恒流恒压充电
3406,5999,7874,1,恒流恒压充电
3406,5999,7879,1,恒流恒压充电
3406,6000,7884,1,恒流恒压充电
3406,5999,7889,1,恒流恒压充电
3406,5999,7894,1,恒流恒压充电
3406,5999,7899,1,恒流恒压充电
3406,5999,7904,1,恒流恒压充电
3406,5999,7909,1,恒流恒压充电
3407,5999,7914,1,恒流恒压充电
3407,6000,7919,1,恒流恒压充电
3407,5999,7924,1,恒流恒压充电
3407,5999,7929,1,恒流恒压充电
3407,6000,7934,1,恒流恒压充电
3407,5999,7939,1,恒流恒压充电
3407,5999,7944,1,恒流恒压充电
3407,5999,7949,1,恒流恒压充电
3407,5999,7954,1,恒流恒压充电
3407,5999,7959,1,恒流恒压充电
3407,5999,7964,1,恒流恒压充电
3407,5999,7969,1,恒流恒压充电
3407,5999,7974,1,恒流恒压充电
3407,5999,7979,1,恒流恒压充电
3407,5999,7984,1,恒流恒压充电
3407,5999,7989,1,恒流恒压充电
3407,5999,7994,1,恒流恒压充电
3407,5999,7999,1,恒流恒压充电
3407,5999,8004,1,恒流恒压充电
3407,5999,8009,1,恒流恒压充电
3407,5999,8014,1,恒流恒压充电
3407,5999,8019,1,恒流恒压充电
3407,5999,8024,1,恒流恒压充电
3408,5999,8029,1,恒流恒压充电
3408,5999,8034,1,恒流恒压充电
3408,5999,8039,1,恒流恒压充电
3408,5999,8044,1,恒流恒压充电
3408,5999,8049,1,恒流恒压充电
3408,5999,8054,1,恒流恒压充电
3408,5999,8059,1,恒流恒压充电
3408,5999,8064,1,恒流恒压充电
3408,5999,8069,1,恒流恒压充电
3408,5999,8074,1,恒流恒压充电
3408,6000,8079,1,恒流恒压充电
3408,5999,8084,1,恒流恒压充电
3408,5999,8089,1,恒流恒压充电
3408,5999,8094,1,恒流恒压充电
3408,5999,8099,1,恒流恒压充电
3408,5999,8104,1,恒流恒压充电
3408,5999,8109,1,恒流恒压充电
3408,5999,8114,1,恒流恒压充电
3408,5999,8119,1,恒流恒压充电
3408,5999,8124,1,恒流恒压充电
3408,5999,8129,1,恒流恒压充电
3408,5999,8134,1,恒流恒压充电
3408,5999,8139,1,恒流恒压充电
3408,5999,8144,1,恒流恒压充电
3409,5999,8149,1,恒流恒压充电
3409,5999,8154,1,恒流恒压充电
3409,5999,8159,1,恒流恒压充电
3409,5999,8164,1,恒流恒压充电
3409,5999,8169,1,恒流恒压充电
3409,5999,8174,1,恒流恒压充电
3409,5999,8179,1,恒流恒压充电
3409,5999,8184,1,恒流恒压充电
3409,5999,8189,1,恒流恒压充电
3409,5999,8194,1,恒流恒压充电
3409,5999,8199,1,恒流恒压充电
3409,5999,8204,1,恒流恒压充电
3409,5999,8209,1,恒流恒压充电
3409,5999,8214,1,恒流恒压充电
3409,5999,8219,1,恒流恒压充电
3409,5999,8224,1,恒流恒压充电
3409,5999,8229,1,恒流恒压充电
3409,5999,8234,1,恒流恒压充电
3409,5999,8239,1,恒流恒压充电
3409,5999,8244,1,恒流恒压充电
3409,5999,8249,1,恒流恒压充电
3409,5999,8254,1,恒流恒压充电
3410,5999,8259,1,恒流恒压充电
3410,5999,8264,1,恒流恒压充电
3410,5999,8269,1,恒流恒压充电
3410,5999,8274,1,恒流恒压充电
3410,5999,8279,1,恒流恒压充电
3410,5999,8284,1,恒流恒压充电
3410,5999,8289,1,恒流恒压充电
3410,5999,8294,1,恒流恒压充电
3410,5999,8299,1,恒流恒压充电
3410,6000,8304,1,恒流恒压充电
3410,5999,8309,1,恒流恒压充电
3410,5999,8314,1,恒流恒压充电
3410,6000,8319,1,恒流恒压充电
3410,6000,8324,1,恒流恒压充电
3410,6000,8329,1,恒流恒压充电
3410,6000,8334,1,恒流恒压充电
3410,6000,8339,1,恒流恒压充电
3410,6000,8344,1,恒流恒压充电
3410,6000,8349,1,恒流恒压充电
3410,5999,8354,1,恒流恒压充电
3410,6000,8359,1,恒流恒压充电
3410,6000,8364,1,恒流恒压充电
3410,6000,8369,1,恒流恒压充电
3410,6000,8374,1,恒流恒压充电
3411,6000,8379,1,恒流恒压充电
3411,6000,8384,1,恒流恒压充电
3411,6000,8389,1,恒流恒压充电
3411,6000,8394,1,恒流恒压充电
3411,6000,8399,1,恒流恒压充电
3411,6000,8404,1,恒流恒压充电
3411,6000,8409,1,恒流恒压充电
3411,6000,8414,1,恒流恒压充电
3411,6000,8419,1,恒流恒压充电
3411,6000,8424,1,恒流恒压充电
3411,6000,8429,1,恒流恒压充电
3411,6000,8434,1,恒流恒压充电
3411,6000,8439,1,恒流恒压充电
3411,6000,8444,1,恒流恒压充电
3411,6000,8449,1,恒流恒压充电
3411,6000,8454,1,恒流恒压充电
3411,6000,8459,1,恒流恒压充电
3411,6000,8464,1,恒流恒压充电
3411,6000,8469,1,恒流恒压充电
3411,6000,8474,1,恒流恒压充电
3411,6000,8479,1,恒流恒压充电
3411,6000,8484,1,恒流恒压充电
3411,6000,8489,1,恒流恒压充电
3412,6000,8494,1,恒流恒压充电
3412,6000,8499,1,恒流恒压充电
3412,6000,8504,1,恒流恒压充电
3412,6000,8509,1,恒流恒压充电
3412,6000,8514,1,恒流恒压充电
3412,6000,8519,1,恒流恒压充电
3412,6000,8524,1,恒流恒压充电
3412,6000,8529,1,恒流恒压充电
3412,6000,8534,1,恒流恒压充电
3412,6000,8539,1,恒流恒压充电
3412,6000,8544,1,恒流恒压充电
3412,6000,8549,1,恒流恒压充电
3412,6000,8554,1,恒流恒压充电
3412,6000,8559,1,恒流恒压充电
3412,6000,8564,1,恒流恒压充电
3412,6000,8569,1,恒流恒压充电
3412,6000,8574,1,恒流恒压充电
3412,6000,8579,1,恒流恒压充电
3412,6000,8584,1,恒流恒压充电
3412,6000,8589,1,恒流恒压充电
3412,6000,8594,1,恒流恒压充电
3412,6000,8599,1,恒流恒压充电
3412,6000,8604,1,恒流恒压充电
3412,6000,8609,1,恒流恒压充电
3413,6000,8614,1,恒流恒压充电
3413,6000,8619,1,恒流恒压充电
3413,6000,8624,1,恒流恒压充电
3413,6000,8629,1,恒流恒压充电
3413,6000,8634,1,恒流恒压充电
3413,6000,8639,1,恒流恒压充电
3413,6000,8644,1,恒流恒压充电
3413,6000,8649,1,恒流恒压充电
3413,6000,8654,1,恒流恒压充电
3413,6000,8659,1,恒流恒压充电
3413,6000,8664,1,恒流恒压充电
3413,6000,8669,1,恒流恒压充电
3413,6000,8674,1,恒流恒压充电
3413,6000,8679,1,恒流恒压充电
3413,6000,8679,1,恒流恒压充电
3413,6000,8684,1,恒流恒压充电
3413,6000,8689,1,恒流恒压充电
3413,6000,8694,1,恒流恒压充电
3413,6000,8699,1,恒流恒压充电
3413,6000,8704,1,恒流恒压充电
3413,6000,8709,1,恒流恒压充电
3413,6000,8714,1,恒流恒压充电
3413,6000,8719,1,恒流恒压充电
3413,6000,8724,1,恒流恒压充电
3414,6000,8729,1,恒流恒压充电
3414,6000,8734,1,恒流恒压充电
3414,6000,8739,1,恒流恒压充电
3414,6000,8744,1,恒流恒压充电
3414,6000,8749,1,恒流恒压充电
3414,6000,8754,1,恒流恒压充电
3414,6000,8759,1,恒流恒压充电
3414,6000,8764,1,恒流恒压充电
3414,6000,8769,1,恒流恒压充电
3414,6000,8774,1,恒流恒压充电
3414,6000,8779,1,恒流恒压充电
3414,6000,8784,1,恒流恒压充电
3414,6000,8789,1,恒流恒压充电
3414,6000,8794,1,恒流恒压充电
3414,6000,8799,1,恒流恒压充电
3414,6000,8804,1,恒流恒压充电
3414,6000,8809,1,恒流恒压充电
3414,6000,8814,1,恒流恒压充电
3414,6000,8819,1,恒流恒压充电
3414,6000,8824,1,恒流恒压充电
3414,6000,8829,1,恒流恒压充电
3414,6000,8834,1,恒流恒压充电
3414,6000,8839,1,恒流恒压充电
3415,6000,8844,1,恒流恒压充电
3415,6000,8849,1,恒流恒压充电
3415,6000,8854,1,恒流恒压充电
3415,6000,8859,1,恒流恒压充电
3415,6000,8864,1,恒流恒压充电
3415,6000,8869,1,恒流恒压充电
3415,6000,8874,1,恒流恒压充电
3415,6000,8879,1,恒流恒压充电
3415,6000,8884,1,恒流恒压充电
3415,6000,8889,1,恒流恒压充电
3415,6000,8894,1,恒流恒压充电
3415,6000,8899,1,恒流恒压充电
3415,6000,8904,1,恒流恒压充电
3415,5999,8909,1,恒流恒压充电
3415,6000,8914,1,恒流恒压充电
3415,6000,8919,1,恒流恒压充电
3415,6000,8924,1,恒流恒压充电
3415,6000,8929,1,恒流恒压充电
3415,6000,8934,1,恒流恒压充电
3415,6000,8939,1,恒流恒压充电
3415,6000,8944,1,恒流恒压充电
3415,6000,8949,1,恒流恒压充电
3415,6000,8954,1,恒流恒压充电
3414,6000,8959,1,恒流恒压充电
3415,6000,8964,1,恒流恒压充电
3416,6000,8969,1,恒流恒压充电
3416,6000,8974,1,恒流恒压充电
3416,6000,8979,1,恒流恒压充电
3416,5999,8984,1,恒流恒压充电
3416,6000,8989,1,恒流恒压充电
3416,6000,8994,1,恒流恒压充电
3416,6000,8999,1,恒流恒压充电
3416,6000,9004,1,恒流恒压充电
3416,6000,9009,1,恒流恒压充电
3416,6000,9014,1,恒流恒压充电
3416,6000,9019,1,恒流恒压充电
3416,6000,9024,1,恒流恒压充电
3416,6000,9029,1,恒流恒压充电
3416,6000,9034,1,恒流恒压充电
3416,6000,9039,1,恒流恒压充电
3416,6000,9044,1,恒流恒压充电
3416,6000,9049,1,恒流恒压充电
3416,6000,9054,1,恒流恒压充电
3416,6000,9059,1,恒流恒压充电
3416,6000,9064,1,恒流恒压充电
3416,6000,9069,1,恒流恒压充电
3416,6000,9074,1,恒流恒压充电
3417,6000,9079,1,恒流恒压充电
3417,6000,9084,1,恒流恒压充电
3417,5999,9089,1,恒流恒压充电
3417,6000,9094,1,恒流恒压充电
3417,6000,9099,1,恒流恒压充电
3417,6000,9104,1,恒流恒压充电
3417,6000,9109,1,恒流恒压充电
3417,6000,9114,1,恒流恒压充电
3417,6000,9119,1,恒流恒压充电
3417,6000,9124,1,恒流恒压充电
3417,6000,9129,1,恒流恒压充电
3417,6000,9134,1,恒流恒压充电
3417,6000,9139,1,恒流恒压充电
3417,6000,9144,1,恒流恒压充电
3417,6000,9149,1,恒流恒压充电
3417,5999,9154,1,恒流恒压充电
3417,5999,9159,1,恒流恒压充电
3417,6000,9164,1,恒流恒压充电
3417,6000,9169,1,恒流恒压充电
3417,6000,9174,1,恒流恒压充电
3417,6000,9179,1,恒流恒压充电
3417,6000,9184,1,恒流恒压充电
3418,6000,9189,1,恒流恒压充电
3418,6000,9194,1,恒流恒压充电
3418,6000,9199,1,恒流恒压充电
3418,6000,9204,1,恒流恒压充电
3418,6000,9209,1,恒流恒压充电
3418,6000,9214,1,恒流恒压充电
3418,6000,9219,1,恒流恒压充电
3418,6000,9224,1,恒流恒压充电
3418,6000,9229,1,恒流恒压充电
3418,6000,9234,1,恒流恒压充电
3418,6000,9239,1,恒流恒压充电
3418,6000,9244,1,恒流恒压充电
3418,6000,9249,1,恒流恒压充电
3418,6000,9254,1,恒流恒压充电
3418,6000,9259,1,恒流恒压充电
3418,6000,9264,1,恒流恒压充电
3418,6000,9269,1,恒流恒压充电
3418,6000,9274,1,恒流恒压充电
3418,6000,9279,1,恒流恒压充电
3418,6000,9284,1,恒流恒压充电
3418,6000,9289,1,恒流恒压充电
3419,6000,9294,1,恒流恒压充电
3419,6000,9299,1,恒流恒压充电
3419,6000,9304,1,恒流恒压充电
3419,6000,9309,1,恒流恒压充电
3419,6000,9314,1,恒流恒压充电
3419,6000,9319,1,恒流恒压充电
3419,6000,9324,1,恒流恒压充电
3419,6000,9329,1,恒流恒压充电
3419,6000,9334,1,恒流恒压充电
3419,6000,9339,1,恒流恒压充电
3419,6000,9344,1,恒流恒压充电
3419,6000,9349,1,恒流恒压充电
3419,6000,9354,1,恒流恒压充电
3419,6000,9359,1,恒流恒压充电
3419,6000,9364,1,恒流恒压充电
3419,6000,9369,1,恒流恒压充电
3419,6000,9374,1,恒流恒压充电
3419,6000,9379,1,恒流恒压充电
3419,6000,9384,1,恒流恒压充电
3419,6000,9389,1,恒流恒压充电
3420,6000,9394,1,恒流恒压充电
3420,6000,9399,1,恒流恒压充电
3420,6000,9404,1,恒流恒压充电
3420,6000,9409,1,恒流恒压充电
3420,6000,9414,1,恒流恒压充电
3420,6000,9419,1,恒流恒压充电
3420,6000,9424,1,恒流恒压充电
3420,6000,9429,1,恒流恒压充电
3420,6000,9434,1,恒流恒压充电
3420,6000,9439,1,恒流恒压充电
3420,6000,9444,1,恒流恒压充电
3420,6000,9449,1,恒流恒压充电
3420,6000,9454,1,恒流恒压充电
3420,6000,9459,1,恒流恒压充电
3420,6000,9464,1,恒流恒压充电
3420,6000,9469,1,恒流恒压充电
3420,6000,9474,1,恒流恒压充电
3420,6000,9479,1,恒流恒压充电
3420,6000,9484,1,恒流恒压充电
3420,6000,9489,1,恒流恒压充电
3421,6000,9494,1,恒流恒压充电
3421,6000,9499,1,恒流恒压充电
3421,6000,9504,1,恒流恒压充电
3421,6000,9509,1,恒流恒压充电
3421,5999,9514,1,恒流恒压充电
3421,6000,9519,1,恒流恒压充电
3421,6000,9524,1,恒流恒压充电
3421,6000,9529,1,恒流恒压充电
3421,6000,9534,1,恒流恒压充电
3421,6000,9539,1,恒流恒压充电
3421,6000,9544,1,恒流恒压充电
3421,6000,9549,1,恒流恒压充电
3421,6000,9554,1,恒流恒压充电
3421,6000,9559,1,恒流恒压充电
3421,6000,9564,1,恒流恒压充电
3421,6000,9569,1,恒流恒压充电
3421,6000,9574,1,恒流恒压充电
3421,6000,9579,1,恒流恒压充电
3421,6000,9584,1,恒流恒压充电
3422,6000,9589,1,恒流恒压充电
3422,6000,9594,1,恒流恒压充电
3422,6000,9599,1,恒流恒压充电
3422,6000,9604,1,恒流恒压充电
3422,6000,9609,1,恒流恒压充电
3422,6000,9614,1,恒流恒压充电
3422,6000,9619,1,恒流恒压充电
3422,6000,9624,1,恒流恒压充电
3422,6000,9629,1,恒流恒压充电
3422,6000,9634,1,恒流恒压充电
3422,6000,9639,1,恒流恒压充电
3422,6000,9644,1,恒流恒压充电
3422,6000,9649,1,恒流恒压充电
3422,6000,9654,1,恒流恒压充电
3422,6000,9659,1,恒流恒压充电
3422,6000,9664,1,恒流恒压充电
3422,6000,9669,1,恒流恒压充电
3423,6000,9674,1,恒流恒压充电
3423,6000,9679,1,恒流恒压充电
3423,6000,9684,1,恒流恒压充电
3423,6000,9689,1,恒流恒压充电
3423,6000,9694,1,恒流恒压充电
3423,6000,9699,1,恒流恒压充电
3423,6000,9704,1,恒流恒压充电
3423,6000,9709,1,恒流恒压充电
3423,6000,9714,1,恒流恒压充电
3423,6000,9719,1,恒流恒压充电
3423,6000,9724,1,恒流恒压充电
3423,6000,9729,1,恒流恒压充电
3423,6000,9734,1,恒流恒压充电
3423,6000,9739,1,恒流恒压充电
3423,6000,9744,1,恒流恒压充电
3423,6000,9749,1,恒流恒压充电
3423,6000,9754,1,恒流恒压充电
3423,6000,9759,1,恒流恒压充电
3424,6000,9764,1,恒流恒压充电
3424,6000,9769,1,恒流恒压充电
3424,6000,9774,1,恒流恒压充电
3424,6000,9779,1,恒流恒压充电
3424,6000,9784,1,恒流恒压充电
3424,6000,9789,1,恒流恒压充电
3424,6000,9794,1,恒流恒压充电
3424,6000,9799,1,恒流恒压充电
3424,6000,9804,1,恒流恒压充电
3424,6000,9809,1,恒流恒压充电
3424,6000,9814,1,恒流恒压充电
3424,6000,9819,1,恒流恒压充电
3424,6000,9824,1,恒流恒压充电
3424,6000,9829,1,恒流恒压充电
3424,6000,9834,1,恒流恒压充电
3424,6000,9839,1,恒流恒压充电
3424,6000,9844,1,恒流恒压充电
3425,6000,9849,1,恒流恒压充电
3425,6000,9854,1,恒流恒压充电
3425,6000,9859,1,恒流恒压充电
3425,6000,9864,1,恒流恒压充电
3425,5999,9869,1,恒流恒压充电
3425,6000,9874,1,恒流恒压充电
3425,5999,9879,1,恒流恒压充电
3425,5999,9884,1,恒流恒压充电
3425,6000,9889,1,恒流恒压充电
3425,6000,9894,1,恒流恒压充电
3425,6000,9899,1,恒流恒压充电
3425,6000,9904,1,恒流恒压充电
3425,5999,9909,1,恒流恒压充电
3425,5999,9914,1,恒流恒压充电
3425,6000,9919,1,恒流恒压充电
3425,6000,9924,1,恒流恒压充电
3426,6000,9929,1,恒流恒压充电
3426,6000,9934,1,恒流恒压充电
3426,6000,9939,1,恒流恒压充电
3426,6000,9944,1,恒流恒压充电
3426,6000,9949,1,恒流恒压充电
3426,6000,9954,1,恒流恒压充电
3426,6000,9959,1,恒流恒压充电
3426,6000,9964,1,恒流恒压充电
3426,6000,9969,1,恒流恒压充电
3426,6000,9974,1,恒流恒压充电
3426,6000,9979,1,恒流恒压充电
3426,6000,9984,1,恒流恒压充电
3426,6000,9989,1,恒流恒压充电
3426,6000,9994,1,恒流恒压充电
3426,6000,9999,1,恒流恒压充电
3427,6000,10004,1,恒流恒压充电
3427,6000,10009,1,恒流恒压充电
3427,6000,10014,1,恒流恒压充电
3427,5999,10019,1,恒流恒压充电
3427,6000,10024,1,恒流恒压充电
3427,6000,10029,1,恒流恒压充电
3427,6000,10034,1,恒流恒压充电
3427,6000,10039,1,恒流恒压充电
3427,6000,10044,1,恒流恒压充电
3427,6000,10049,1,恒流恒压充电
3427,6000,10054,1,恒流恒压充电
3427,6000,10059,1,恒流恒压充电
3427,6000,10064,1,恒流恒压充电
3427,6000,10069,1,恒流恒压充电
3428,6000,10074,1,恒流恒压充电
3428,6000,10079,1,恒流恒压充电
3428,6000,10084,1,恒流恒压充电
3428,6000,10089,1,恒流恒压充电
3428,6000,10094,1,恒流恒压充电
3428,6000,10099,1,恒流恒压充电
3428,6000,10104,1,恒流恒压充电
3428,6000,10109,1,恒流恒压充电
3428,6000,10114,1,恒流恒压充电
3428,6000,10119,1,恒流恒压充电
3428,6000,10124,1,恒流恒压充电
3428,6000,10129,1,恒流恒压充电
3428,6000,10134,1,恒流恒压充电
3428,6000,10139,1,恒流恒压充电
3429,6000,10144,1,恒流恒压充电
3429,6000,10149,1,恒流恒压充电
3429,6000,10154,1,恒流恒压充电
3429,6000,10159,1,恒流恒压充电
3429,6000,10164,1,恒流恒压充电
3429,6000,10169,1,恒流恒压充电
3429,6000,10174,1,恒流恒压充电
3429,6000,10179,1,恒流恒压充电
3429,6000,10184,1,恒流恒压充电
3429,6000,10189,1,恒流恒压充电
3429,6000,10194,1,恒流恒压充电
3429,6000,10199,1,恒流恒压充电
3429,5999,10204,1,恒流恒压充电
3429,6000,10209,1,恒流恒压充电
3430,6000,10214,1,恒流恒压充电
3430,6000,10219,1,恒流恒压充电
3430,6000,10224,1,恒流恒压充电
3430,6000,10229,1,恒流恒压充电
3430,5999,10234,1,恒流恒压充电
3430,6000,10239,1,恒流恒压充电
3430,6000,10244,1,恒流恒压充电
3430,6000,10249,1,恒流恒压充电
3430,6000,10254,1,恒流恒压充电
3430,6000,10259,1,恒流恒压充电
3430,6000,10264,1,恒流恒压充电
3430,6000,10269,1,恒流恒压充电
3431,6000,10274,1,恒流恒压充电
3431,6000,10279,1,恒流恒压充电
3431,6000,10284,1,恒流恒压充电
3431,6000,10289,1,恒流恒压充电
3431,6000,10294,1,恒流恒压充电
3431,6000,10299,1,恒流恒压充电
3431,6000,10304,1,恒流恒压充电
3431,6000,10309,1,恒流恒压充电
3431,6000,10314,1,恒流恒压充电
3431,6000,10319,1,恒流恒压充电
3431,6000,10324,1,恒流恒压充电
3431,6000,10329,1,恒流恒压充电
3432,6000,10334,1,恒流恒压充电
3432,6000,10339,1,恒流恒压充电
3432,6000,10344,1,恒流恒压充电
3432,6000,10349,1,恒流恒压充电
3432,6000,10354,1,恒流恒压充电
3432,6000,10359,1,恒流恒压充电
3432,6000,10364,1,恒流恒压充电
3432,6000,10369,1,恒流恒压充电
3432,6000,10374,1,恒流恒压充电
3432,6000,10374,1,恒流恒压充电
3432,6000,10379,1,恒流恒压充电
3432,6000,10384,1,恒流恒压充电
3433,6000,10389,1,恒流恒压充电
3433,6000,10394,1,恒流恒压充电
3433,6000,10399,1,恒流恒压充电
3433,6000,10404,1,恒流恒压充电
3433,6000,10409,1,恒流恒压充电
3433,6000,10414,1,恒流恒压充电
3433,6000,10419,1,恒流恒压充电
3433,6000,10424,1,恒流恒压充电
3433,6000,10429,1,恒流恒压充电
3433,6000,10434,1,恒流恒压充电
3434,5999,10439,1,恒流恒压充电
3434,6000,10444,1,恒流恒压充电
3434,6000,10449,1,恒流恒压充电
3434,6000,10454,1,恒流恒压充电
3434,6000,10459,1,恒流恒压充电
3434,6000,10464,1,恒流恒压充电
3434,6000,10469,1,恒流恒压充电
3434,6000,10474,1,恒流恒压充电
3434,6000,10479,1,恒流恒压充电
3434,6000,10484,1,恒流恒压充电
3434,6000,10489,1,恒流恒压充电
3434,6000,10494,1,恒流恒压充电
3435,6000,10499,1,恒流恒压充电
3435,6000,10504,1,恒流恒压充电
3435,6000,10509,1,恒流恒压充电
3435,6000,10514,1,恒流恒压充电
3435,6000,10519,1,恒流恒压充电
3435,6000,10524,1,恒流恒压充电
3435,6000,10529,1,恒流恒压充电
3435,6000,10534,1,恒流恒压充电
3435,6000,10539,1,恒流恒压充电
3436,6000,10544,1,恒流恒压充电
3436,6000,10549,1,恒流恒压充电
3436,6000,10554,1,恒流恒压充电
3436,6000,10559,1,恒流恒压充电
3436,5999,10564,1,恒流恒压充电
3436,6000,10569,1,恒流恒压充电
3436,6000,10574,1,恒流恒压充电
3436,6000,10579,1,恒流恒压充电
3436,6000,10584,1,恒流恒压充电
3436,5999,10589,1,恒流恒压充电
3437,6000,10594,1,恒流恒压充电
3437,6000,10599,1,恒流恒压充电
3437,6000,10604,1,恒流恒压充电
3437,6000,10609,1,恒流恒压充电
3437,6000,10614,1,恒流恒压充电
3437,6000,10619,1,恒流恒压充电
3437,6000,10624,1,恒流恒压充电
3437,6000,10629,1,恒流恒压充电
3437,6000,10634,1,恒流恒压充电
3438,6000,10639,1,恒流恒压充电
3438,6000,10644,1,恒流恒压充电
3438,6000,10649,1,恒流恒压充电
3438,6000,10654,1,恒流恒压充电
3438,6000,10659,1,恒流恒压充电
3438,6000,10664,1,恒流恒压充电
3438,6000,10669,1,恒流恒压充电
3438,6000,10674,1,恒流恒压充电
3439,6000,10679,1,恒流恒压充电
3439,6000,10684,1,恒流恒压充电
3439,6000,10689,1,恒流恒压充电
3439,6000,10694,1,恒流恒压充电
3439,6000,10699,1,恒流恒压充电
3439,6000,10704,1,恒流恒压充电
3439,6000,10709,1,恒流恒压充电
3439,6000,10714,1,恒流恒压充电
3440,6000,10719,1,恒流恒压充电
3440,6000,10724,1,恒流恒压充电
3440,6000,10729,1,恒流恒压充电
3440,6000,10734,1,恒流恒压充电
3440,6000,10739,1,恒流恒压充电
3440,6000,10744,1,恒流恒压充电
3440,6000,10749,1,恒流恒压充电
3440,6000,10754,1,恒流恒压充电
3441,6000,10759,1,恒流恒压充电
3441,6000,10764,1,恒流恒压充电
3441,6000,10769,1,恒流恒压充电
3441,6000,10774,1,恒流恒压充电
3441,6000,10779,1,恒流恒压充电
3441,6000,10784,1,恒流恒压充电
3441,6000,10789,1,恒流恒压充电
3442,6000,10794,1,恒流恒压充电
3442,6000,10799,1,恒流恒压充电
3442,5999,10804,1,恒流恒压充电
3442,6000,10809,1,恒流恒压充电
3442,5999,10814,1,恒流恒压充电
3442,5999,10819,1,恒流恒压充电
3442,6000,10824,1,恒流恒压充电
3443,6000,10829,1,恒流恒压充电
3443,6000,10834,1,恒流恒压充电
3443,5999,10839,1,恒流恒压充电
3443,6000,10844,1,恒流恒压充电
3443,5999,10849,1,恒流恒压充电
3443,6000,10854,1,恒流恒压充电
3443,6000,10859,1,恒流恒压充电
3444,6000,10864,1,恒流恒压充电
3444,6000,10869,1,恒流恒压充电
3444,6000,10874,1,恒流恒压充电
3444,6000,10879,1,恒流恒压充电
3444,6000,10884,1,恒流恒压充电
3444,6000,10889,1,恒流恒压充电
3445,6000,10894,1,恒流恒压充电
3445,6000,10899,1,恒流恒压充电
3445,6000,10904,1,恒流恒压充电
3445,5999,10909,1,恒流恒压充电
3445,6000,10914,1,恒流恒压充电
3445,5999,10919,1,恒流恒压充电
3446,5999,10924,1,恒流恒压充电
3446,6000,10929,1,恒流恒压充电
3446,6000,10934,1,恒流恒压充电
3446,6000,10939,1,恒流恒压充电
3446,6000,10944,1,恒流恒压充电
3446,6000,10949,1,恒流恒压充电
3447,6000,10954,1,恒流恒压充电
3447,6000,10959,1,恒流恒压充电
3447,6000,10964,1,恒流恒压充电
3447,6000,10969,1,恒流恒压充电
3447,6000,10974,1,恒流恒压充电
3448,6000,10979,1,恒流恒压充电
3448,6000,10984,1,恒流恒压充电
3448,6000,10989,1,恒流恒压充电
3448,6000,10994,1,恒流恒压充电
3448,6000,10999,1,恒流恒压充电
3449,6000,11004,1,恒流恒压充电
3449,6000,11009,1,恒流恒压充电
3449,6000,11014,1,恒流恒压充电
3449,6000,11019,1,恒流恒压充电
3449,6000,11024,1,恒流恒压充电
3450,6000,11029,1,恒流恒压充电
3450,6000,11034,1,恒流恒压充电
3450,6000,11039,1,恒流恒压充电
3450,6000,11044,1,恒流恒压充电
3450,6000,11049,1,恒流恒压充电
3451,6000,11054,1,恒流恒压充电
3451,5999,11059,1,恒流恒压充电
3451,6000,11064,1,恒流恒压充电
3451,5999,11069,1,恒流恒压充电
3452,6000,11074,1,恒流恒压充电
3452,6000,11079,1,恒流恒压充电
3452,6000,11084,1,恒流恒压充电
3452,6000,11089,1,恒流恒压充电
3453,6000,11094,1,恒流恒压充电
3453,5999,11099,1,恒流恒压充电
3453,6000,11104,1,恒流恒压充电
3453,5999,11109,1,恒流恒压充电
3453,6000,11114,1,恒流恒压充电
3454,6000,11119,1,恒流恒压充电
3454,6000,11124,1,恒流恒压充电
3454,6000,11129,1,恒流恒压充电
3455,6000,11134,1,恒流恒压充电
3455,6000,11139,1,恒流恒压充电
3455,6000,11144,1,恒流恒压充电
3455,5999,11149,1,恒流恒压充电
3456,5999,11154,1,恒流恒压充电
3456,6000,11159,1,恒流恒压充电
3456,6000,11164,1,恒流恒压充电
3456,5999,11169,1,恒流恒压充电
3457,6000,11174,1,恒流恒压充电
3457,6000,11179,1,恒流恒压充电
3457,6000,11184,1,恒流恒压充电
3458,6000,11189,1,恒流恒压充电
3458,6000,11194,1,恒流恒压充电
3458,6000,11199,1,恒流恒压充电
3459,6000,11204,1,恒流恒压充电
3459,6000,11209,1,恒流恒压充电
3459,6000,11214,1,恒流恒压充电
3460,6000,11219,1,恒流恒压充电
3460,5999,11224,1,恒流恒压充电
3460,6000,11229,1,恒流恒压充电
3461,5999,11234,1,恒流恒压充电
3461,6000,11239,1,恒流恒压充电
3461,5999,11244,1,恒流恒压充电
3462,6000,11249,1,恒流恒压充电
3462,5999,11254,1,恒流恒压充电
3462,6000,11259,1,恒流恒压充电
3463,6000,11264,1,恒流恒压充电
3463,6000,11269,1,恒流恒压充电
3463,6000,11274,1,恒流恒压充电
3464,5999,11279,1,恒流恒压充电
3464,6000,11284,1,恒流恒压充电
3465,5999,11289,1,恒流恒压充电
3464,5999,11294,1,恒流恒压充电
3466,6000,11299,1,恒流恒压充电
3466,6000,11304,1,恒流恒压充电
3467,6000,11309,1,恒流恒压充电
3467,6000,11314,1,恒流恒压充电
3467,5999,11319,1,恒流恒压充电
3468,5999,11324,1,恒流恒压充电
3468,6000,11329,1,恒流恒压充电
3469,6000,11334,1,恒流恒压充电
3469,6000,11339,1,恒流恒压充电
3470,6000,11344,1,恒流恒压充电
3470,6000,11349,1,恒流恒压充电
3471,6000,11354,1,恒流恒压充电
3471,6000,11359,1,恒流恒压充电
3472,6000,11364,1,恒流恒压充电
3472,6000,11369,1,恒流恒压充电
3473,6000,11374,1,恒流恒压充电
3473,5999,11379,1,恒流恒压充电
3474,6000,11384,1,恒流恒压充电
3474,5999,11389,1,恒流恒压充电
3475,6000,11394,1,恒流恒压充电
3476,5999,11399,1,恒流恒压充电
3476,5999,11404,1,恒流恒压充电
3477,6000,11409,1,恒流恒压充电
3477,6000,11414,1,恒流恒压充电
3478,6000,11419,1,恒流恒压充电
3479,6000,11424,1,恒流恒压充电
3479,5999,11429,1,恒流恒压充电
3480,6000,11434,1,恒流恒压充电
3481,6000,11439,1,恒流恒压充电
3481,5999,11444,1,恒流恒压充电
3482,6000,11449,1,恒流恒压充电
3483,6000,11454,1,恒流恒压充电
3483,6000,11459,1,恒流恒压充电
3484,5999,11464,1,恒流恒压充电
3485,6000,11469,1,恒流恒压充电
3485,5999,11474,1,恒流恒压充电
3486,5999,11479,1,恒流恒压充电
3487,6000,11484,1,恒流恒压充电
3488,5999,11489,1,恒流恒压充电
3489,6000,11494,1,恒流恒压充电
3489,5999,11499,1,恒流恒压充电
3490,5999,11504,1,恒流恒压充电
3491,6000,11509,1,恒流恒压充电
3492,5999,11514,1,恒流恒压充电
3493,6000,11519,1,恒流恒压充电
3494,6000,11524,1,恒流恒压充电
3495,5999,11529,1,恒流恒压充电
3496,5999,11534,1,恒流恒压充电
3497,6000,11539,1,恒流恒压充电
3498,6000,11544,1,恒流恒压充电
3498,5999,11549,1,恒流恒压充电
3499,5999,11554,1,恒流恒压充电
3500,5999,11559,1,恒流恒压充电
3501,5999,11564,1,恒流恒压充电
3503,5999,11569,1,恒流恒压充电
3504,5999,11574,1,恒流恒压充电
3505,5999,11579,1,恒流恒压充电
3506,5999,11584,1,恒流恒压充电
3507,5999,11589,1,恒流恒压充电
3508,5999,11594,1,恒流恒压充电
3509,5999,11599,1,恒流恒压充电
3510,5999,11604,1,恒流恒压充电
3511,5999,11609,1,恒流恒压充电
3512,6000,11614,1,恒流恒压充电
3514,5999,11619,1,恒流恒压充电
3515,6000,11624,1,恒流恒压充电
3516,5999,11629,1,恒流恒压充电
3518,5999,11634,1,恒流恒压充电
3519,5999,11639,1,恒流恒压充电
3520,5999,11644,1,恒流恒压充电
3521,5999,11649,1,恒流恒压充电
3523,5999,11654,1,恒流恒压充电
3524,6000,11659,1,恒流恒压充电
3525,6000,11664,1,恒流恒压充电
3526,5999,11669,1,恒流恒压充电
3528,6000,11674,1,恒流恒压充电
3529,5999,11679,1,恒流恒压充电
3530,5999,11684,1,恒流恒压充电
3532,6000,11689,1,恒流恒压充电
3533,6000,11694,1,恒流恒压充电
3534,5999,11699,1,恒流恒压充电
3536,6000,11704,1,恒流恒压充电
3537,5999,11709,1,恒流恒压充电
3538,6000,11714,1,恒流恒压充电
3540,5999,11718,1,恒流恒压充电
3541,5999,11723,1,恒流恒压充电
3542,5999,11728,1,恒流恒压充电
3544,5999,11733,1,恒流恒压充电
3545,5999,11738,1,恒流恒压充电
3547,5999,11743,1,恒流恒压充电
3548,5999,11748,1,恒流恒压充电
3549,6000,11753,1,恒流恒压充电
3551,6000,11758,1,恒流恒压充电
3552,5999,11763,1,恒流恒压充电
3554,6000,11768,1,恒流恒压充电
3555,6000,11773,1,恒流恒压充电
3556,6000,11778,1,恒流恒压充电
3558,6000,11783,1,恒流恒压充电
3559,6000,11788,1,恒流恒压充电
3560,6000,11793,1,恒流恒压充电
3562,6000,11798,1,恒流恒压充电
3563,6000,11803,1,恒流恒压充电
3564,6000,11808,1,恒流恒压充电
3566,6000,11813,1,恒流恒压充电
3567,6000,11818,1,恒流恒压充电
3569,6000,11823,1,恒流恒压充电
3570,6000,11828,1,恒流恒压充电
3572,6000,11833,1,恒流恒压充电
3573,6000,11838,1,恒流恒压充电
3574,6000,11843,1,恒流恒压充电
3576,6000,11848,1,恒流恒压充电
3577,6000,11853,1,恒流恒压充电
3579,6000,11858,1,恒流恒压充电
3580,6000,11863,1,恒流恒压充电
3581,6000,11868,1,恒流恒压充电
3583,6000,11873,1,恒流恒压充电
3584,6000,11878,1,恒流恒压充电
3586,6000,11883,1,恒流恒压充电
3587,6000,11888,1,恒流恒压充电
3588,6000,11893,1,恒流恒压充电
3590,6000,11898,1,恒流恒压充电
3591,6000,11903,1,恒流恒压充电
3593,6000,11908,1,恒流恒压充电
3594,6000,11913,1,恒流恒压充电
3596,6000,11918,1,恒流恒压充电
3597,6000,11923,1,恒流恒压充电
3599,6000,11928,1,恒流恒压充电
3600,6000,11933,1,恒流恒压充电
3602,6000,11938,1,恒流恒压充电
3603,6000,11943,1,恒流恒压充电
3605,6000,11948,1,恒流恒压充电
3606,5999,11953,1,恒流恒压充电
3608,5999,11958,1,恒流恒压充电
3610,5999,11963,1,恒流恒压充电
3611,6000,11968,1,恒流恒压充电
3613,6000,11973,1,恒流恒压充电
3614,6000,11978,1,恒流恒压充电
3616,6000,11983,1,恒流恒压充电
3618,6000,11988,1,恒流恒压充电
3619,6000,11993,1,恒流恒压充电
3621,6000,11998,1,恒流恒压充电
3623,6000,12003,1,恒流恒压充电
3624,5999,12008,1,恒流恒压充电
3626,6000,12013,1,恒流恒压充电
3628,5999,12018,1,恒流恒压充电
3630,5999,12023,1,恒流恒压充电
3631,6000,12028,1,恒流恒压充电
3633,6000,12033,1,恒流恒压充电
3635,6000,12038,1,恒流恒压充电
3637,6000,12043,1,恒流恒压充电
3639,6000,12048,1,恒流恒压充电
3641,6000,12053,1,恒流恒压充电
3642,6000,12053,1,恒流恒压充电
3645,6000,12058,1,恒流恒压充电
3646,6000,12063,1,恒流恒压充电
3649,6000,12068,1,恒流恒压充电
3649,5974,12073,1,恒流恒压充电
3649,5970,12078,1,恒流恒压充电
3649,5964,12083,1,恒流恒压充电
3649,5959,12088,1,恒流恒压充电
3649,5953,12093,1,恒流恒压充电
3649,5946,12098,1,恒流恒压充电
3649,5943,12103,1,恒流恒压充电
3649,5934,12108,1,恒流恒压充电
3649,5928,12113,1,恒流恒压充电
3649,5927,12118,1,恒流恒压充电
3649,5920,12123,1,恒流恒压充电
3649,5916,12128,1,恒流恒压充电
3649,5911,12133,1,恒流恒压充电
3649,5904,12138,1,恒流恒压充电
3649,5900,12143,1,恒流恒压充电
3649,4947,12148,1,恒流恒压充电
3649,4887,12152,1,恒流恒压充电
3649,4840,12156,1,恒流恒压充电
3649,4781,12160,1,恒流恒压充电
3649,4721,12164,1,恒流恒压充电
3649,4662,12168,1,恒流恒压充电
3649,4620,12172,1,恒流恒压充电
3649,4561,12176,1,恒流恒压充电
3649,4516,12180,1,恒流恒压充电
3649,4434,12184,1,恒流恒压充电
3649,4400,12187,1,恒流恒压充电
3649,4333,12191,1,恒流恒压充电
3649,4262,12195,1,恒流恒压充电
3649,4220,12198,1,恒流恒压充电
3649,4162,12202,1,恒流恒压充电
3649,4087,12205,1,恒流恒压充电
3649,4054,12209,1,恒流恒压充电
3649,3971,12212,1,恒流恒压充电
3649,3905,12216,1,恒流恒压充电
3649,3853,12219,1,恒流恒压充电
3649,3790,12222,1,恒流恒压充电
3649,3730,12225,1,恒流恒压充电
3649,3655,12228,1,恒流恒压充电
3649,3595,12231,1,恒流恒压充电
3649,3524,12235,1,恒流恒压充电
3649,3456,12237,1,恒流恒压充电
3649,3382,12240,1,恒流恒压充电
3649,3308,12243,1,恒流恒压充电
3649,3243,12246,1,恒流恒压充电
3649,3173,12249,1,恒流恒压充电
3649,3114,12251,1,恒流恒压充电
3649,3046,12254,1,恒流恒压充电
3649,2964,12257,1,恒流恒压充电
3649,2886,12259,1,恒流恒压充电
3649,2819,12262,1,恒流恒压充电
3649,2769,12264,1,恒流恒压充电
3649,2665,12266,1,恒流恒压充电
3649,2604,12269,1,恒流恒压充电
3649,2539,12271,1,恒流恒压充电
3649,2470,12273,1,恒流恒压充电
3649,2394,12275,1,恒流恒压充电
3649,2328,12277,1,恒流恒压充电
3649,2278,12279,1,恒流恒压充电
3649,2203,12281,1,恒流恒压充电
3649,2130,12283,1,恒流恒压充电
3649,2092,12284,1,恒流恒压充电
3649,2018,12286,1,恒流恒压充电
3649,1942,12288,1,恒流恒压充电
3649,1897,12290,1,恒流恒压充电
3649,1834,12291,1,恒流恒压充电
3649,1777,12293,1,恒流恒压充电
3649,1741,12294,1,恒流恒压充电
3649,1680,12296,1,恒流恒压充电
3649,1636,12297,1,恒流恒压充电
3649,1596,12298,1,恒流恒压充电
3649,1535,12300,1,恒流恒压充电
3649,1497,12301,1,恒流恒压充电
3649,1453,12302,1,恒流恒压充电
3649,1410,12303,1,恒流恒压充电
3649,1357,12305,1,恒流恒压充电
3649,1339,12306,1,恒流恒压充电
3649,1288,12307,1,恒流恒压充电
3649,1240,12308,1,恒流恒压充电
3649,1227,12309,1,恒流恒压充电
3649,1165,12310,1,恒流恒压充电
3649,1158,12311,1,恒流恒压充电
3649,1096,12312,1,恒流恒压充电
3649,1086,12313,1,恒流恒压充电
3649,1054,12314,1,恒流恒压充电
3649,1035,12315,1,恒流恒压充电
3649,1005,12316,1,恒流恒压充电
3649,972,12316,1,恒流恒压充电
3649,952,12317,1,恒流恒压充电
3649,935,12318,1,恒流恒压充电
3649,901,12319,1,恒流恒压充电
3649,877,12320,1,恒流恒压充电
3649,849,12320,1,恒流恒压充电
3649,845,12321,1,恒流恒压充电
3649,826,12322,1,恒流恒压充电
3649,803,12322,1,恒流恒压充电
3649,772,12323,1,恒流恒压充电
3649,770,12324,1,恒流恒压充电
3649,745,12324,1,恒流恒压充电
3649,725,12325,1,恒流恒压充电
3649,701,12326,1,恒流恒压充电
3649,690,12326,1,恒流恒压充电
3649,678,12327,1,恒流恒压充电
3649,674,12327,1,恒流恒压充电
3649,656,12328,1,恒流恒压充电
3649,639,12329,1,恒流恒压充电
3649,638,12329,1,恒流恒压充电
3649,608,12330,1,恒流恒压充电
3649,594,12330,1,恒流恒压充电
3649,582,12331,1,恒流恒压充电
3649,568,12331,1,恒流恒压充电
3649,565,12332,1,恒流恒压充电
3649,543,12332,1,恒流恒压充电
3649,539,12332,1,恒流恒压充电
3649,547,12333,1,恒流恒压充电
3649,519,12333,1,恒流恒压充电
3649,504,12334,1,恒流恒压充电
3649,507,12334,1,恒流恒压充电
3649,484,12335,1,恒流恒压充电
3649,483,12335,1,恒流恒压充电
3649,477,12335,1,恒流恒压充电
3649,464,12336,1,恒流恒压充电
3649,449,12336,1,恒流恒压充电
3649,441,12337,1,恒流恒压充电
3649,429,12337,1,恒流恒压充电
3649,434,12337,1,恒流恒压充电
3649,418,12338,1,恒流恒压充电
3649,417,12338,1,恒流恒压充电
3649,417,12338,1,恒流恒压充电
3649,395,12339,1,恒流恒压充电
3649,397,12339,1,恒流恒压充电
3649,388,12339,1,恒流恒压充电
3649,400,12340,1,恒流恒压充电
3649,379,12340,1,恒流恒压充电
3649,383,12340,1,恒流恒压充电
3649,375,12341,1,恒流恒压充电
3649,368,12341,1,恒流恒压充电
3649,350,12341,1,恒流恒压充电
3649,363,12342,1,恒流恒压充电
3649,347,12342,1,恒流恒压充电
3649,334,12342,1,恒流恒压充电
3649,325,12343,1,恒流恒压充电
3649,330,12343,1,恒流恒压充电
3649,330,12343,1,恒流恒压充电
3649,320,12343,1,恒流恒压充电
3649,316,12344,1,恒流恒压充电
3649,316,12344,1,恒流恒压充电
3649,315,12344,1,恒流恒压充电
3649,323,12344,1,恒流恒压充电
3649,320,12345,1,恒流恒压充电
3649,312,12345,1,恒流恒压充电
3638,0,12345,1,恒流恒压充电
3630,0,12345,1,恒流恒压充电
3622,0,12345,1,恒流恒压充电
3611,0,0,2,搁置
3609,0,0,2,搁置
3607,0,0,2,搁置
3605,0,0,2,搁置
3603,0,0,2,搁置
3601,0,0,2,搁置
3599,0,0,2,搁置
3598,0,0,2,搁置
3596,0,0,2,搁置
3594,0,0,2,搁置
3593,0,0,2,搁置
3591,0,0,2,搁置
3589,0,0,2,搁置
3588,0,0,2,搁置
3586,0,0,2,搁置
3585,0,0,2,搁置
3584,0,0,2,搁置
3582,0,0,2,搁置
3581,0,0,2,搁置
3580,0,0,2,搁置
3578,0,0,2,搁置
3577,0,0,2,搁置
3576,0,0,2,搁置
3574,0,0,2,搁置
3573,0,0,2,搁置
3572,0,0,2,搁置
3571,0,0,2,搁置
3570,0,0,2,搁置
3569,0,0,2,搁置
3568,0,0,2,搁置
3567,0,0,2,搁置
3566,0,0,2,搁置
3565,0,0,2,搁置
3564,0,0,2,搁置
3563,0,0,2,搁置
3562,0,0,2,搁置
3561,0,0,2,搁置
3560,0,0,2,搁置
3559,0,0,2,搁置
3558,0,0,2,搁置
3557,0,0,2,搁置
3556,0,0,2,搁置
3555,0,0,2,搁置
3554,0,0,2,搁置
3554,0,0,2,搁置
3553,0,0,2,搁置
3552,0,0,2,搁置
3551,0,0,2,搁置
3550,0,0,2,搁置
3549,0,0,2,搁置
3549,0,0,2,搁置
3548,0,0,2,搁置
3547,0,0,2,搁置
3546,0,0,2,搁置
3546,0,0,2,搁置
3545,0,0,2,搁置
3544,0,0,2,搁置
3544,0,0,2,搁置
3543,0,0,2,搁置
3540,0,0,2,搁置
3539,0,0,2,搁置
3537,0,0,2,搁置
3486,6063,0,3,恒流放电
3469,6002,0,3,恒流放电
3429,6000,5,3,恒流放电
3407,6000,10,3,恒流放电
3383,6000,15,3,恒流放电
3367,6000,20,3,恒流放电
3354,6000,25,3,恒流放电
3342,6000,30,3,恒流放电
3332,6000,35,3,恒流放电
3324,6000,40,3,恒流放电
3318,6000,45,3,恒流放电
3313,6000,50,3,恒流放电
3308,6000,55,3,恒流放电
3304,6000,60,3,恒流放电
3301,6000,65,3,恒流放电
3299,6000,70,3,恒流放电
3296,6000,75,3,恒流放电
3294,6000,80,3,恒流放电
3293,6000,85,3,恒流放电
3291,6000,90,3,恒流放电
3290,6000,95,3,恒流放电
3289,6000,100,3,恒流放电
3289,6000,105,3,恒流放电
3288,6000,110,3,恒流放电
3287,6000,115,3,恒流放电
3287,6000,120,3,恒流放电
3287,6000,125,3,恒流放电
3286,6000,130,3,恒流放电
3286,6000,135,3,恒流放电
3286,6000,140,3,恒流放电
3286,6000,145,3,恒流放电
3285,6000,150,3,恒流放电
3285,6000,155,3,恒流放电
3285,6000,160,3,恒流放电
3285,6000,165,3,恒流放电
3285,6000,170,3,恒流放电
3285,6000,175,3,恒流放电
3285,6000,180,3,恒流放电
3284,6000,185,3,恒流放电
3284,6000,190,3,恒流放电
3284,6000,195,3,恒流放电
3284,6000,200,3,恒流放电
3284,6000,205,3,恒流放电
3284,6000,210,3,恒流放电
3284,5999,215,3,恒流放电
3284,5999,220,3,恒流放电
3284,5999,225,3,恒流放电
3284,5999,230,3,恒流放电
3284,5999,234,3,恒流放电
3284,5999,239,3,恒流放电
3284,5999,244,3,恒流放电
3284,5999,249,3,恒流放电
3284,6000,254,3,恒流放电
3284,6000,259,3,恒流放电
3284,6000,264,3,恒流放电
3283,6000,269,3,恒流放电
3283,5999,274,3,恒流放电
3283,5999,279,3,恒流放电
3283,6000,284,3,恒流放电
3283,6000,289,3,恒流放电
3283,6000,294,3,恒流放电
3283,6000,299,3,恒流放电
3283,6000,304,3,恒流放电
3283,6000,309,3,恒流放电
3283,6000,314,3,恒流放电
3283,6000,319,3,恒流放电
3283,6000,324,3,恒流放电
3283,6000,329,3,恒流放电
3283,6000,334,3,恒流放电
3283,6000,339,3,恒流放电
3283,6000,344,3,恒流放电
3283,6000,349,3,恒流放电
3283,6000,354,3,恒流放电
3283,6000,359,3,恒流放电
3283,6000,364,3,恒流放电
3283,6000,369,3,恒流放电
3283,6000,374,3,恒流放电
3283,6000,379,3,恒流放电
3283,6000,384,3,恒流放电
3283,6000,389,3,恒流放电
3283,6000,394,3,恒流放电
3283,6000,399,3,恒流放电
3283,6000,404,3,恒流放电
3283,6000,409,3,恒流放电
3283,6000,414,3,恒流放电
3283,6000,419,3,恒流放电
3283,6000,424,3,恒流放电
3283,6000,429,3,恒流放电
3283,6000,434,3,恒流放电
3283,6000,439,3,恒流放电
3283,6000,444,3,恒流放电
3283,6000,449,3,恒流放电
3282,6000,454,3,恒流放电
3283,6000,459,3,恒流放电
3283,6000,464,3,恒流放电
3283,6000,469,3,恒流放电
3283,6000,474,3,恒流放电
3283,6000,479,3,恒流放电
3283,6000,484,3,恒流放电
3283,6000,489,3,恒流放电
3282,6000,494,3,恒流放电
3282,6000,499,3,恒流放电
3282,6000,504,3,恒流放电
3282,6000,509,3,恒流放电
3282,6000,514,3,恒流放电
3282,6000,519,3,恒流放电
3281,6000,524,3,恒流放电
3282,6000,529,3,恒流放电
3282,6000,534,3,恒流放电
3282,6000,539,3,恒流放电
3282,6000,544,3,恒流放电
3282,6000,549,3,恒流放电
3282,6000,554,3,恒流放电
3282,6000,559,3,恒流放电
3282,6000,564,3,恒流放电
3282,6000,569,3,恒流放电
3282,6000,574,3,恒流放电
3282,6000,579,3,恒流放电
3282,6000,584,3,恒流放电
3282,6000,589,3,恒流放电
3282,6000,594,3,恒流放电
3282,6000,599,3,恒流放电
3282,6000,604,3,恒流放电
3282,6000,609,3,恒流放电
3282,6000,614,3,恒流放电
3282,6000,619,3,恒流放电
3282,6000,624,3,恒流放电
3282,6000,629,3,恒流放电
3282,6000,634,3,恒流放电
3282,6000,639,3,恒流放电
3282,6000,644,3,恒流放电
3282,6000,649,3,恒流放电
3282,6000,654,3,恒流放电
3282,6000,659,3,恒流放电
3282,6000,664,3,恒流放电
3282,6000,669,3,恒流放电
3282,6000,674,3,恒流放电
3282,6000,679,3,恒流放电
3282,6000,684,3,恒流放电
3282,6000,689,3,恒流放电
3282,6000,694,3,恒流放电
3282,6000,699,3,恒流放电
3282,6000,704,3,恒流放电
3282,6000,709,3,恒流放电
3282,6000,714,3,恒流放电
3282,6000,719,3,恒流放电
3282,6000,724,3,恒流放电
3282,6000,729,3,恒流放电
3282,6000,734,3,恒流放电
3282,6000,739,3,恒流放电
3282,6000,744,3,恒流放电
3282,6000,749,3,恒流放电
3282,6000,754,3,恒流放电
3282,6000,759,3,恒流放电
3282,6000,764,3,恒流放电
3282,5999,769,3,恒流放电
3281,5999,774,3,恒流放电
3282,5999,779,3,恒流放电
3282,6000,784,3,恒流放电
3282,6000,789,3,恒流放电
3282,6000,794,3,恒流放电
3282,6000,799,3,恒流放电
3281,6000,804,3,恒流放电
3281,6000,809,3,恒流放电
3281,6000,814,3,恒流放电
3281,6000,819,3,恒流放电
3281,6000,824,3,恒流放电
3281,6000,829,3,恒流放电
3281,6000,834,3,恒流放电
3281,6000,839,3,恒流放电
3281,6000,844,3,恒流放电
3281,6000,849,3,恒流放电
3281,6000,854,3,恒流放电
3281,6000,859,3,恒流放电
3281,6000,864,3,恒流放电
3281,6000,869,3,恒流放电
3281,6000,874,3,恒流放电
3281,6000,879,3,恒流放电
3281,6000,884,3,恒流放电
3281,6000,889,3,恒流放电
3281,5999,894,3,恒流放电
3281,5999,899,3,恒流放电
3281,5999,904,3,恒流放电
3281,5999,909,3,恒流放电
3281,5999,914,3,恒流放电
3281,5999,919,3,恒流放电
3281,5999,924,3,恒流放电
3281,5999,929,3,恒流放电
3281,5999,934,3,恒流放电
3281,5999,939,3,恒流放电
3281,5999,944,3,恒流放电
3281,5999,949,3,恒流放电
3281,5999,954,3,恒流放电
3281,5999,959,3,恒流放电
3281,5999,964,3,恒流放电
3281,5999,969,3,恒流放电
3281,5999,974,3,恒流放电
3281,5999,979,3,恒流放电
3281,5999,984,3,恒流放电
3281,5999,989,3,恒流放电
3281,5999,994,3,恒流放电
3281,5999,999,3,恒流放电
3281,5999,1004,3,恒流放电
3281,5999,1009,3,恒流放电
3281,5999,1014,3,恒流放电
3281,5999,1019,3,恒流放电
3281,5999,1024,3,恒流放电
3281,5999,1029,3,恒流放电
3281,5999,1034,3,恒流放电
3281,5999,1039,3,恒流放电
3281,5999,1044,3,恒流放电
3281,5999,1049,3,恒流放电
3281,5999,1054,3,恒流放电
3281,5999,1059,3,恒流放电
3281,5999,1064,3,恒流放电
3281,5999,1069,3,恒流放电
3281,5999,1074,3,恒流放电
3281,5999,1079,3,恒流放电
3281,5999,1084,3,恒流放电
3281,5999,1089,3,恒流放电
3281,5999,1094,3,恒流放电
3281,5999,1099,3,恒流放电
3280,5999,1104,3,恒流放电
3280,5999,1109,3,恒流放电
3280,5999,1114,3,恒流放电
3281,5999,1119,3,恒流放电
3280,5999,1124,3,恒流放电
3280,5999,1129,3,恒流放电
3280,5999,1134,3,恒流放电
3280,5999,1139,3,恒流放电
3280,5999,1144,3,恒流放电
3280,5999,1149,3,恒流放电
3280,5999,1154,3,恒流放电
3280,5999,1159,3,恒流放电
3280,5999,1164,3,恒流放电
3280,5999,1169,3,恒流放电
3280,5999,1174,3,恒流放电
3280,5999,1179,3,恒流放电
3280,5999,1184,3,恒流放电
3280,5999,1189,3,恒流放电
3280,5999,1194,3,恒流放电
3280,5999,1199,3,恒流放电
3280,5999,1204,3,恒流放电
3280,5999,1209,3,恒流放电
3280,5999,1214,3,恒流放电
3280,5999,1219,3,恒流放电
3280,5999,1224,3,恒流放电
3280,5999,1229,3,恒流放电
3280,5999,1234,3,恒流放电
3280,5999,1239,3,恒流放电
3280,5999,1244,3,恒流放电
3280,5999,1249,3,恒流放电
3280,5999,1254,3,恒流放电
3280,5999,1259,3,恒流放电
3280,5999,1264,3,恒流放电
3280,5999,1269,3,恒流放电
3280,5999,1274,3,恒流放电
3280,5999,1279,3,恒流放电
3280,5999,1284,3,恒流放电
3280,5999,1289,3,恒流放电
3280,5999,1294,3,恒流放电
3280,5999,1299,3,恒流放电
3280,5999,1304,3,恒流放电
3280,5999,1309,3,恒流放电
3280,5999,1314,3,恒流放电
3280,5999,1319,3,恒流放电
3280,5999,1324,3,恒流放电
3280,5999,1329,3,恒流放电
3280,5999,1334,3,恒流放电
3280,5999,1339,3,恒流放电
3280,5999,1344,3,恒流放电
3280,5999,1349,3,恒流放电
3280,5999,1354,3,恒流放电
3280,5999,1359,3,恒流放电
3280,5999,1364,3,恒流放电
3280,5999,1369,3,恒流放电
3279,5999,1374,3,恒流放电
3280,5999,1379,3,恒流放电
3280,5999,1384,3,恒流放电
3280,5999,1389,3,恒流放电
3280,5999,1394,3,恒流放电
3279,5999,1399,3,恒流放电
3279,5999,1404,3,恒流放电
3279,5999,1409,3,恒流放电
3279,5999,1414,3,恒流放电
3279,5999,1419,3,恒流放电
3279,5999,1424,3,恒流放电
3279,5999,1429,3,恒流放电
3279,5999,1434,3,恒流放电
3279,5999,1439,3,恒流放电
3279,5999,1444,3,恒流放电
3279,5999,1449,3,恒流放电
3279,5999,1454,3,恒流放电
3279,5999,1459,3,恒流放电
3279,5999,1464,3,恒流放电
3279,5999,1469,3,恒流放电
3279,5999,1474,3,恒流放电
3279,5999,1479,3,恒流放电
3279,5999,1484,3,恒流放电
3279,5999,1489,3,恒流放电
3279,5999,1494,3,恒流放电
3279,5999,1499,3,恒流放电
3279,5999,1504,3,恒流放电
3279,5999,1509,3,恒流放电
3279,5999,1514,3,恒流放电
3279,5999,1519,3,恒流放电
3279,5999,1524,3,恒流放电
3279,5999,1529,3,恒流放电
3279,5999,1534,3,恒流放电
3279,5999,1539,3,恒流放电
3279,5999,1544,3,恒流放电
3279,5999,1549,3,恒流放电
3279,5999,1554,3,恒流放电
3279,5999,1559,3,恒流放电
3279,5999,1564,3,恒流放电
3279,5999,1569,3,恒流放电
3279,5999,1574,3,恒流放电
3279,5999,1579,3,恒流放电
3279,5999,1584,3,恒流放电
3279,5999,1589,3,恒流放电
3279,5999,1594,3,恒流放电
3279,5999,1599,3,恒流放电
3279,5999,1604,3,恒流放电
3279,5999,1609,3,恒流放电
3279,5999,1614,3,恒流放电
3279,5999,1619,3,恒流放电
3279,5999,1624,3,恒流放电
3279,5999,1629,3,恒流放电
3278,5999,1634,3,恒流放电
3278,5999,1639,3,恒流放电
3279,5999,1644,3,恒流放电
3278,5999,1649,3,恒流放电
3278,5999,1654,3,恒流放电
3278,5999,1659,3,恒流放电
3278,5999,1664,3,恒流放电
3278,5999,1669,3,恒流放电
3278,5999,1674,3,恒流放电
3278,5999,1679,3,恒流放电
3278,5999,1684,3,恒流放电
3278,5999,1689,3,恒流放电
3278,5999,1694,3,恒流放电
3278,5999,1699,3,恒流放电
3278,5999,1704,3,恒流放电
3278,5999,1709,3,恒流放电
3278,5999,1714,3,恒流放电
3278,5999,1719,3,恒流放电
3278,5999,1724,3,恒流放电
3278,5999,1729,3,恒流放电
3278,5999,1734,3,恒流放电
3278,5999,1739,3,恒流放电
3278,5999,1744,3,恒流放电
3278,5999,1749,3,恒流放电
3278,5999,1754,3,恒流放电
3278,5999,1759,3,恒流放电
3278,5999,1764,3,恒流放电
3278,5999,1769,3,恒流放电
3278,5999,1774,3,恒流放电
3278,5999,1779,3,恒流放电
3278,5999,1784,3,恒流放电
3278,5999,1789,3,恒流放电
3278,5999,1794,3,恒流放电
3278,5999,1799,3,恒流放电
3278,5999,1804,3,恒流放电
3278,5999,1809,3,恒流放电
3278,5999,1814,3,恒流放电
3278,5999,1819,3,恒流放电
3278,5999,1824,3,恒流放电
3278,5999,1829,3,恒流放电
3278,5999,1834,3,恒流放电
3278,5999,1839,3,恒流放电
3278,5999,1844,3,恒流放电
3278,5999,1849,3,恒流放电
3278,5999,1854,3,恒流放电
3278,5999,1859,3,恒流放电
3278,5999,1864,3,恒流放电
3278,5999,1869,3,恒流放电
3278,5999,1874,3,恒流放电
3277,5999,1879,3,恒流放电
3278,5999,1884,3,恒流放电
3277,5999,1889,3,恒流放电
3277,5999,1894,3,恒流放电
3277,5999,1899,3,恒流放电
3277,5999,1904,3,恒流放电
3277,5999,1909,3,恒流放电
3277,5999,1914,3,恒流放电
3277,5999,1919,3,恒流放电
3277,5999,1924,3,恒流放电
3277,5999,1929,3,恒流放电
3277,5999,1934,3,恒流放电
3277,5999,1939,3,恒流放电
3277,5999,1944,3,恒流放电
3277,5999,1949,3,恒流放电
3277,5999,1954,3,恒流放电
3277,5999,1959,3,恒流放电
3277,5999,1964,3,恒流放电
3277,5999,1969,3,恒流放电
3277,5999,1974,3,恒流放电
3277,5999,1979,3,恒流放电
3277,5999,1984,3,恒流放电
3277,5999,1989,3,恒流放电
3277,5999,1994,3,恒流放电
3277,5999,1999,3,恒流放电
3277,5999,2004,3,恒流放电
3277,5999,2004,3,恒流放电
3277,5999,2009,3,恒流放电
3277,5999,2014,3,恒流放电
3277,5999,2019,3,恒流放电
3277,5999,2024,3,恒流放电
3277,5999,2029,3,恒流放电
3277,5999,2034,3,恒流放电
3277,5999,2039,3,恒流放电
3277,5999,2044,3,恒流放电
3277,5999,2049,3,恒流放电
3277,5999,2054,3,恒流放电
3277,5999,2059,3,恒流放电
3277,5999,2064,3,恒流放电
3277,5999,2069,3,恒流放电
3277,5999,2074,3,恒流放电
3277,5999,2079,3,恒流放电
3277,5999,2084,3,恒流放电
3277,5999,2089,3,恒流放电
3277,5999,2094,3,恒流放电
3277,5999,2099,3,恒流放电
3276,5999,2104,3,恒流放电
3276,5999,2109,3,恒流放电
3276,5999,2114,3,恒流放电
3276,5999,2119,3,恒流放电
3276,5999,2124,3,恒流放电
3276,5999,2129,3,恒流放电
3276,5999,2134,3,恒流放电
3276,5999,2139,3,恒流放电
3276,5999,2144,3,恒流放电
3276,5999,2149,3,恒流放电
3276,5999,2154,3,恒流放电
3276,5999,2159,3,恒流放电
3276,5999,2164,3,恒流放电
3276,5999,2169,3,恒流放电
3276,5999,2174,3,恒流放电
3276,5999,2179,3,恒流放电
3276,5999,2184,3,恒流放电
3276,5999,2189,3,恒流放电
3276,5999,2194,3,恒流放电
3276,5999,2199,3,恒流放电
3276,5999,2204,3,恒流放电
3276,5999,2209,3,恒流放电
3276,5999,2214,3,恒流放电
3276,5999,2219,3,恒流放电
3276,5999,2224,3,恒流放电
3276,5999,2229,3,恒流放电
3276,5999,2234,3,恒流放电
3276,5999,2239,3,恒流放电
3276,5999,2244,3,恒流放电
3276,5999,2249,3,恒流放电
3276,5999,2254,3,恒流放电
3276,5999,2259,3,恒流放电
3276,5999,2264,3,恒流放电
3276,5999,2269,3,恒流放电
3276,5999,2274,3,恒流放电
3276,5999,2279,3,恒流放电
3276,5999,2284,3,恒流放电
3276,5999,2289,3,恒流放电
3276,5999,2294,3,恒流放电
3276,5999,2299,3,恒流放电
3276,5999,2304,3,恒流放电
3276,5999,2309,3,恒流放电
3276,5999,2314,3,恒流放电
3276,5999,2319,3,恒流放电
3276,5999,2324,3,恒流放电
3275,5999,2329,3,恒流放电
3275,5999,2334,3,恒流放电
3275,5999,2339,3,恒流放电
3275,5999,2344,3,恒流放电
3275,5999,2349,3,恒流放电
3275,5999,2354,3,恒流放电
3275,5999,2359,3,恒流放电
3275,5999,2364,3,恒流放电
3275,5999,2369,3,恒流放电
3274,5999,2374,3,恒流放电
3275,5999,2379,3,恒流放电
3275,5999,2384,3,恒流放电
3275,5999,2389,3,恒流放电
3275,5999,2394,3,恒流放电
3275,5999,2399,3,恒流放电
3275,6000,2404,3,恒流放电
3275,5999,2409,3,恒流放电
3275,5999,2414,3,恒流放电
3275,5999,2419,3,恒流放电
3275,5999,2424,3,恒流放电
3275,5999,2429,3,恒流放电
3275,5999,2434,3,恒流放电
3275,5999,2439,3,恒流放电
3275,5999,2444,3,恒流放电
3275,5999,2449,3,恒流放电
3275,5999,2454,3,恒流放电
3275,5999,2459,3,恒流放电
3275,5999,2464,3,恒流放电
3275,5999,2469,3,恒流放电
3275,5999,2474,3,恒流放电
3275,5999,2479,3,恒流放电
3275,5999,2484,3,恒流放电
3275,5999,2489,3,恒流放电
3275,5999,2494,3,恒流放电
3275,5999,2499,3,恒流放电
3275,5999,2504,3,恒流放电
3275,5999,2509,3,恒流放电
3275,5999,2514,3,恒流放电
3275,5999,2519,3,恒流放电
3274,5999,2524,3,恒流放电
3275,5999,2529,3,恒流放电
3274,5999,2534,3,恒流放电
3274,5999,2539,3,恒流放电
3274,5999,2544,3,恒流放电
3274,5999,2549,3,恒流放电
3274,5999,2554,3,恒流放电
3274,5999,2559,3,恒流放电
3274,5999,2564,3,恒流放电
3274,5999,2569,3,恒流放电
3274,5999,2574,3,恒流放电
3274,5999,2579,3,恒流放电
3274,5999,2584,3,恒流放电
3274,5999,2589,3,恒流放电
3274,5999,2594,3,恒流放电
3274,5999,2599,3,恒流放电
3274,5999,2604,3,恒流放电
3274,5999,2609,3,恒流放电
3274,5999,2614,3,恒流放电
3274,5999,2619,3,恒流放电
3274,5999,2624,3,恒流放电
3274,5999,2629,3,恒流放电
3274,5999,2634,3,恒流放电
3274,5999,2639,3,恒流放电
3274,5999,2644,3,恒流放电
3274,5999,2649,3,恒流放电
3274,5999,2654,3,恒流放电
3274,5999,2659,3,恒流放电
3274,5999,2664,3,恒流放电
3274,5999,2669,3,恒流放电
3274,5999,2674,3,恒流放电
3274,5999,2679,3,恒流放电
3274,5999,2684,3,恒流放电
3274,5999,2689,3,恒流放电
3273,5999,2694,3,恒流放电
3273,5999,2699,3,恒流放电
3274,5999,2704,3,恒流放电
3273,5999,2709,3,恒流放电
3274,5999,2714,3,恒流放电
3274,5999,2719,3,恒流放电
3274,5999,2724,3,恒流放电
3273,5999,2729,3,恒流放电
3273,5999,2734,3,恒流放电
3273,5999,2739,3,恒流放电
3273,5999,2744,3,恒流放电
3273,5999,2749,3,恒流放电
3273,5999,2754,3,恒流放电
3273,5999,2759,3,恒流放电
3273,5999,2764,3,恒流放电
3273,5999,2769,3,恒流放电
3273,5999,2774,3,恒流放电
3273,5999,2779,3,恒流放电
3273,5999,2784,3,恒流放电
3273,5999,2789,3,恒流放电
3273,5999,2794,3,恒流放电
3273,5999,2799,3,恒流放电
3273,5999,2804,3,恒流放电
3273,5999,2809,3,恒流放电
3273,5999,2814,3,恒流放电
3273,5999,2819,3,恒流放电
3273,5999,2824,3,恒流放电
3273,5999,2829,3,恒流放电
3273,5999,2834,3,恒流放电
3273,5999,2839,3,恒流放电
3273,5999,2844,3,恒流放电
3273,5999,2849,3,恒流放电
3273,5999,2854,3,恒流放电
3273,5999,2859,3,恒流放电
3273,5999,2864,3,恒流放电
3273,5999,2869,3,恒流放电
3273,5999,2874,3,恒流放电
3273,5999,2879,3,恒流放电
3273,5999,2884,3,恒流放电
3273,5999,2889,3,恒流放电
3273,5999,2894,3,恒流放电
3273,5999,2899,3,恒流放电
3272,5999,2904,3,恒流放电
3272,5999,2909,3,恒流放电
3272,5999,2914,3,恒流放电
3272,5999,2919,3,恒流放电
3272,5999,2924,3,恒流放电
3272,5999,2929,3,恒流放电
3272,5999,2934,3,恒流放电
3272,5999,2939,3,恒流放电
3272,5999,2944,3,恒流放电
3272,5999,2949,3,恒流放电
3272,5999,2954,3,恒流放电
3272,5999,2959,3,恒流放电
3272,5999,2964,3,恒流放电
3272,5999,2969,3,恒流放电
3272,5999,2974,3,恒流放电
3272,5999,2979,3,恒流放电
3272,5999,2984,3,恒流放电
3272,5999,2989,3,恒流放电
3272,5999,2994,3,恒流放电
3272,5999,2999,3,恒流放电
3272,5999,3004,3,恒流放电
3272,5999,3009,3,恒流放电
3272,5999,3014,3,恒流放电
3272,5999,3019,3,恒流放电
3272,5999,3024,3,恒流放电
3272,5999,3029,3,恒流放电
3272,5999,3034,3,恒流放电
3272,5999,3039,3,恒流放电
3272,5999,3044,3,恒流放电
3271,5999,3049,3,恒流放电
3272,5999,3054,3,恒流放电
3272,5999,3059,3,恒流放电
3271,5999,3064,3,恒流放电
3272,5999,3069,3,恒流放电
3271,5999,3074,3,恒流放电
3271,5999,3079,3,恒流放电
3271,5999,3084,3,恒流放电
3271,5999,3089,3,恒流放电
3271,5999,3094,3,恒流放电
3271,5999,3099,3,恒流放电
3271,5999,3104,3,恒流放电
3271,5999,3109,3,恒流放电
3271,5999,3114,3,恒流放电
3271,5999,3119,3,恒流放电
3271,5999,3124,3,恒流放电
3271,5999,3129,3,恒流放电
3271,5999,3134,3,恒流放电
3271,5999,3139,3,恒流放电
3271,5999,3144,3,恒流放电
3271,5999,3149,3,恒流放电
3271,5999,3154,3,恒流放电
3271,5999,3159,3,恒流放电
3271,5999,3164,3,恒流放电
3271,5999,3169,3,恒流放电
3271,5999,3174,3,恒流放电
3271,5999,3179,3,恒流放电
3271,5999,3184,3,恒流放电
3271,5999,3189,3,恒流放电
3271,5999,3194,3,恒流放电
3271,5999,3199,3,恒流放电
3271,5999,3204,3,恒流放电
3271,5999,3209,3,恒流放电
3271,5999,3214,3,恒流放电
3271,5999,3219,3,恒流放电
3271,5999,3224,3,恒流放电
3271,5999,3229,3,恒流放电
3270,5999,3234,3,恒流放电
3271,5999,3239,3,恒流放电
3270,5999,3244,3,恒流放电
3270,5999,3249,3,恒流放电
3270,5999,3254,3,恒流放电
3270,5999,3259,3,恒流放电
3270,5999,3264,3,恒流放电
3270,5999,3269,3,恒流放电
3270,5999,3274,3,恒流放电
3270,5999,3279,3,恒流放电
3270,5999,3284,3,恒流放电
3270,5999,3289,3,恒流放电
3270,5999,3294,3,恒流放电
3270,5999,3299,3,恒流放电
3270,5999,3304,3,恒流放电
3270,5999,3309,3,恒流放电
3270,5999,3314,3,恒流放电
3270,5999,3319,3,恒流放电
3270,5999,3324,3,恒流放电
3270,5999,3329,3,恒流放电
3270,5999,3334,3,恒流放电
3270,5999,3339,3,恒流放电
3270,5999,3344,3,恒流放电
3270,5999,3349,3,恒流放电
3270,5999,3354,3,恒流放电
3270,5999,3359,3,恒流放电
3270,5999,3364,3,恒流放电
3270,5999,3369,3,恒流放电
3270,5999,3374,3,恒流放电
3270,5999,3379,3,恒流放电
3270,5999,3384,3,恒流放电
3270,5999,3389,3,恒流放电
3269,5999,3394,3,恒流放电
3270,5999,3399,3,恒流放电
3269,5999,3404,3,恒流放电
3269,5999,3409,3,恒流放电
3269,6000,3414,3,恒流放电
3269,5999,3419,3,恒流放电
3269,5999,3424,3,恒流放电
3269,5999,3429,3,恒流放电
3269,5999,3434,3,恒流放电
3269,5999,3439,3,恒流放电
3269,5999,3444,3,恒流放电
3269,5999,3449,3,恒流放电
3268,5999,3454,3,恒流放电
3269,5999,3459,3,恒流放电
3269,5999,3464,3,恒流放电
3269,5999,3469,3,恒流放电
3269,5999,3474,3,恒流放电
3269,5999,3479,3,恒流放电
3269,5999,3484,3,恒流放电
3269,5999,3489,3,恒流放电
3269,5999,3494,3,恒流放电
3269,5999,3499,3,恒流放电
3269,5999,3504,3,恒流放电
3269,5999,3509,3,恒流放电
3269,5999,3514,3,恒流放电
3269,5999,3519,3,恒流放电
3269,5999,3524,3,恒流放电
3269,5999,3529,3,恒流放电
3269,5999,3534,3,恒流放电
3269,5999,3539,3,恒流放电
3269,5999,3544,3,恒流放电
3269,5999,3549,3,恒流放电
3269,5999,3554,3,恒流放电
3268,5999,3559,3,恒流放电
3269,5999,3564,3,恒流放电
3268,5999,3569,3,恒流放电
3268,5999,3574,3,恒流放电
3268,5999,3579,3,恒流放电
3268,5999,3584,3,恒流放电
3268,5999,3589,3,恒流放电
3268,5999,3594,3,恒流放电
3268,5999,3599,3,恒流放电
3268,5999,3604,3,恒流放电
3268,5999,3609,3,恒流放电
3268,5999,3614,3,恒流放电
3268,5999,3619,3,恒流放电
3268,5999,3624,3,恒流放电
3268,5999,3629,3,恒流放电
3268,5999,3634,3,恒流放电
3268,5999,3639,3,恒流放电
3268,5999,3644,3,恒流放电
3268,5999,3649,3,恒流放电
3268,5999,3654,3,恒流放电
3268,5999,3659,3,恒流放电
3268,5999,3664,3,恒流放电
3268,5999,3669,3,恒流放电
3268,5999,3674,3,恒流放电
3268,5999,3679,3,恒流放电
3268,5999,3684,3,恒流放电
3268,5999,3689,3,恒流放电
3268,5999,3694,3,恒流放电
3267,5999,3699,3,恒流放电
3268,5999,3704,3,恒流放电
3268,5999,3709,3,恒流放电
3267,5999,3714,3,恒流放电
3267,5999,3719,3,恒流放电
3267,5999,3724,3,恒流放电
3267,5999,3729,3,恒流放电
3267,5999,3734,3,恒流放电
3267,5999,3739,3,恒流放电
3267,5999,3744,3,恒流放电
3267,5999,3749,3,恒流放电
3267,5999,3754,3,恒流放电
3267,5999,3759,3,恒流放电
3267,5999,3764,3,恒流放电
3267,5999,3769,3,恒流放电
3267,5999,3774,3,恒流放电
3267,5999,3779,3,恒流放电
3267,5999,3784,3,恒流放电
3266,5999,3789,3,恒流放电
3267,5999,3794,3,恒流放电
3267,5999,3799,3,恒流放电
3267,5999,3804,3,恒流放电
3267,5999,3809,3,恒流放电
3267,5999,3814,3,恒流放电
3267,5999,3819,3,恒流放电
3267,5999,3824,3,恒流放电
3267,5999,3829,3,恒流放电
3267,5999,3834,3,恒流放电
3267,5999,3839,3,恒流放电
3267,5999,3844,3,恒流放电
3267,5999,3849,3,恒流放电
3267,5999,3854,3,恒流放电
3266,5999,3859,3,恒流放电
3267,5999,3864,3,恒流放电
3267,5999,3869,3,恒流放电
3267,5999,3874,3,恒流放电
3266,5999,3879,3,恒流放电
3266,5999,3884,3,恒流放电
3266,5999,3889,3,恒流放电
3266,5999,3889,3,恒流放电
3266,5999,3894,3,恒流放电
3266,5999,3899,3,恒流放电
3266,5999,3904,3,恒流放电
3266,5999,3909,3,恒流放电
3266,5999,3914,3,恒流放电
3266,5999,3919,3,恒流放电
3266,5999,3924,3,恒流放电
3266,5999,3929,3,恒流放电
3266,5999,3934,3,恒流放电
3266,5999,3939,3,恒流放电
3266,5999,3944,3,恒流放电
3266,5999,3949,3,恒流放电
3266,5999,3954,3,恒流放电
3266,5999,3959,3,恒流放电
3266,5999,3964,3,恒流放电
3266,5999,3969,3,恒流放电
3266,5999,3974,3,恒流放电
3266,5999,3979,3,恒流放电
3266,5999,3984,3,恒流放电
3266,5999,3989,3,恒流放电
3266,5999,3994,3,恒流放电
3266,5999,3999,3,恒流放电
3265,5999,4004,3,恒流放电
3266,5999,4009,3,恒流放电
3265,5999,4014,3,恒流放电
3265,5999,4019,3,恒流放电
3265,5999,4024,3,恒流放电
3265,5999,4029,3,恒流放电
3265,5999,4034,3,恒流放电
3265,5999,4039,3,恒流放电
3265,5999,4044,3,恒流放电
3265,5999,4049,3,恒流放电
3264,5999,4054,3,恒流放电
3265,5999,4059,3,恒流放电
3265,5999,4064,3,恒流放电
3265,5999,4069,3,恒流放电
3265,5999,4074,3,恒流放电
3265,5999,4079,3,恒流放电
3265,5999,4084,3,恒流放电
3265,5999,4089,3,恒流放电
3265,5999,4094,3,恒流放电
3265,5999,4099,3,恒流放电
3265,5999,4104,3,恒流放电
3265,5999,4109,3,恒流放电
3265,5999,4114,3,恒流放电
3265,5999,4119,3,恒流放电
3265,5999,4124,3,恒流放电
3265,5999,4129,3,恒流放电
3265,5999,4134,3,恒流放电
3265,5999,4139,3,恒流放电
3264,5999,4144,3,恒流放电
3264,5999,4149,3,恒流放电
3264,5999,4154,3,恒流放电
3264,5999,4159,3,恒流放电
3264,5999,4164,3,恒流放电
3264,5999,4169,3,恒流放电
3264,5999,4174,3,恒流放电
3264,5999,4179,3,恒流放电
3264,5999,4184,3,恒流放电
3264,5999,4189,3,恒流放电
3264,5999,4194,3,恒流放电
3264,5999,4199,3,恒流放电
3264,5999,4204,3,恒流放电
3264,5999,4209,3,恒流放电
3264,5999,4214,3,恒流放电
3264,5999,4219,3,恒流放电
3264,5999,4224,3,恒流放电
3264,5999,4229,3,恒流放电
3264,5999,4234,3,恒流放电
3264,5999,4239,3,恒流放电
3264,5999,4244,3,恒流放电
3264,5999,4249,3,恒流放电
3264,5999,4254,3,恒流放电
3264,5999,4259,3,恒流放电
3263,5999,4264,3,恒流放电
3264,5999,4269,3,恒流放电
3264,5999,4274,3,恒流放电
3263,5999,4279,3,恒流放电
3263,5999,4284,3,恒流放电
3263,5999,4289,3,恒流放电
3263,5999,4294,3,恒流放电
3263,5999,4299,3,恒流放电
3263,5999,4304,3,恒流放电
3263,5999,4309,3,恒流放电
3263,5999,4314,3,恒流放电
3263,5999,4319,3,恒流放电
3263,5999,4324,3,恒流放电
3263,5999,4329,3,恒流放电
3263,6000,4334,3,恒流放电
3263,5999,4339,3,恒流放电
3263,5999,4344,3,恒流放电
3263,5999,4349,3,恒流放电
3263,5999,4354,3,恒流放电
3263,5999,4359,3,恒流放电
3263,5999,4364,3,恒流放电
3263,5999,4369,3,恒流放电
3263,5999,4374,3,恒流放电
3263,5999,4379,3,恒流放电
3263,5999,4384,3,恒流放电
3263,5999,4389,3,恒流放电
3263,5999,4394,3,恒流放电
3262,5999,4399,3,恒流放电
3262,5999,4404,3,恒流放电
3262,5999,4409,3,恒流放电
3262,5999,4414,3,恒流放电
3262,5999,4419,3,恒流放电
3262,5999,4424,3,恒流放电
3262,5999,4429,3,恒流放电
3262,5999,4434,3,恒流放电
3262,5999,4439,3,恒流放电
3262,5999,4444,3,恒流放电
3262,5999,4449,3,恒流放电
3262,5999,4454,3,恒流放电
3262,5999,4459,3,恒流放电
3262,5999,4464,3,恒流放电
3262,5999,4469,3,恒流放电
3262,5999,4474,3,恒流放电
3262,5999,4479,3,恒流放电
3262,5999,4484,3,恒流放电
3262,5999,4489,3,恒流放电
3262,5999,4494,3,恒流放电
3262,5999,4499,3,恒流放电
3262,5999,4504,3,恒流放电
3262,5999,4509,3,恒流放电
3262,5999,4514,3,恒流放电
3262,5999,4519,3,恒流放电
3262,5999,4524,3,恒流放电
3261,5999,4529,3,恒流放电
3261,5999,4534,3,恒流放电
3261,5999,4539,3,恒流放电
3261,5999,4544,3,恒流放电
3261,5999,4549,3,恒流放电
3261,5999,4554,3,恒流放电
3261,5999,4559,3,恒流放电
3261,5999,4564,3,恒流放电
3261,5999,4569,3,恒流放电
3261,5999,4574,3,恒流放电
3261,5999,4579,3,恒流放电
3261,5999,4584,3,恒流放电
3261,5999,4589,3,恒流放电
3261,5999,4594,3,恒流放电
3261,5999,4599,3,恒流放电
3261,5999,4604,3,恒流放电
3261,5999,4609,3,恒流放电
3261,5999,4614,3,恒流放电
3261,5999,4619,3,恒流放电
3261,5999,4624,3,恒流放电
3260,5999,4629,3,恒流放电
3261,5999,4634,3,恒流放电
3260,5999,4639,3,恒流放电
3260,5999,4644,3,恒流放电
3260,5999,4649,3,恒流放电
3260,5999,4654,3,恒流放电
3260,5999,4659,3,恒流放电
3260,5999,4664,3,恒流放电
3260,5999,4669,3,恒流放电
3260,5999,4674,3,恒流放电
3260,5999,4679,3,恒流放电
3260,5999,4684,3,恒流放电
3260,5999,4689,3,恒流放电
3260,5999,4694,3,恒流放电
3260,5999,4699,3,恒流放电
3260,5999,4704,3,恒流放电
3260,5999,4709,3,恒流放电
3260,5999,4714,3,恒流放电
3260,5999,4719,3,恒流放电
3260,5999,4724,3,恒流放电
3260,5999,4729,3,恒流放电
3260,5999,4734,3,恒流放电
3260,5999,4739,3,恒流放电
3259,5999,4744,3,恒流放电
3259,5999,4749,3,恒流放电
3259,5999,4754,3,恒流放电
3259,5999,4759,3,恒流放电
3259,5999,4764,3,恒流放电
3260,5999,4769,3,恒流放电
3259,5999,4774,3,恒流放电
3259,5999,4779,3,恒流放电
3259,5999,4784,3,恒流放电
3259,5999,4789,3,恒流放电
3259,5999,4794,3,恒流放电
3259,5999,4799,3,恒流放电
3259,5999,4804,3,恒流放电
3259,5999,4809,3,恒流放电
3259,5999,4814,3,恒流放电
3259,5999,4819,3,恒流放电
3259,5999,4824,3,恒流放电
3259,5999,4829,3,恒流放电
3259,5999,4834,3,恒流放电
3259,5999,4839,3,恒流放电
3259,5999,4844,3,恒流放电
3259,5999,4849,3,恒流放电
3258,5999,4854,3,恒流放电
3258,5999,4859,3,恒流放电
3258,5999,4864,3,恒流放电
3258,5999,4869,3,恒流放电
3258,5999,4874,3,恒流放电
3258,5999,4879,3,恒流放电
3258,5999,4884,3,恒流放电
3258,5999,4889,3,恒流放电
3258,5999,4894,3,恒流放电
3258,5999,4899,3,恒流放电
3258,5999,4904,3,恒流放电
3258,5999,4909,3,恒流放电
3258,5999,4914,3,恒流放电
3258,5999,4919,3,恒流放电
3258,5999,4924,3,恒流放电
3258,5999,4929,3,恒流放电
3258,5999,4934,3,恒流放电
3258,5999,4939,3,恒流放电
3258,5999,4944,3,恒流放电
3258,5999,4949,3,恒流放电
3258,5999,4954,3,恒流放电
3258,5999,4959,3,恒流放电
3257,5999,4964,3,恒流放电
3257,5999,4969,3,恒流放电
3258,5999,4974,3,恒流放电
3258,5999,4979,3,恒流放电
3257,5999,4984,3,恒流放电
3257,5999,4989,3,恒流放电
3257,5999,4994,3,恒流放电
3257,5999,4999,3,恒流放电
3257,5999,5004,3,恒流放电
3257,5999,5009,3,恒流放电
3257,5999,5014,3,恒流放电
3257,5999,5019,3,恒流放电
3257,5999,5024,3,恒流放电
3257,5999,5029,3,恒流放电
3257,5999,5034,3,恒流放电
3257,5999,5039,3,恒流放电
3257,5999,5044,3,恒流放电
3257,5999,5049,3,恒流放电
3257,5999,5054,3,恒流放电
3256,5999,5059,3,恒流放电
3256,5999,5064,3,恒流放电
3256,5999,5069,3,恒流放电
3256,5999,5074,3,恒流放电
3256,5999,5079,3,恒流放电
3256,5999,5084,3,恒流放电
3256,5999,5089,3,恒流放电
3256,5999,5094,3,恒流放电
3256,5999,5099,3,恒流放电
3256,5999,5104,3,恒流放电
3256,5999,5109,3,恒流放电
3256,5999,5114,3,恒流放电
3256,5999,5119,3,恒流放电
3256,5999,5124,3,恒流放电
3256,5999,5129,3,恒流放电
3256,5999,5134,3,恒流放电
3256,5999,5139,3,恒流放电
3256,5999,5144,3,恒流放电
3256,5999,5149,3,恒流放电
3256,5999,5154,3,恒流放电
3256,5999,5159,3,恒流放电
3256,5999,5164,3,恒流放电
3255,5999,5169,3,恒流放电
3255,5999,5174,3,恒流放电
3255,5999,5179,3,恒流放电
3255,5999,5184,3,恒流放电
3255,5999,5189,3,恒流放电
3255,5999,5189,3,恒流放电
3255,5999,5194,3,恒流放电
3255,5999,5199,3,恒流放电
3255,5999,5204,3,恒流放电
3255,5999,5209,3,恒流放电
3255,5999,5214,3,恒流放电
3255,5999,5219,3,恒流放电
3255,5999,5224,3,恒流放电
3255,5999,5229,3,恒流放电
3255,5999,5234,3,恒流放电
3255,5999,5239,3,恒流放电
3255,5999,5244,3,恒流放电
3255,5999,5249,3,恒流放电
3255,5999,5254,3,恒流放电
3255,5999,5259,3,恒流放电
3254,5999,5264,3,恒流放电
3254,5999,5269,3,恒流放电
3254,5999,5274,3,恒流放电
3254,5999,5279,3,恒流放电
3254,5999,5284,3,恒流放电
3254,5999,5289,3,恒流放电
3254,5999,5294,3,恒流放电
3254,5999,5299,3,恒流放电
3254,5999,5304,3,恒流放电
3254,5999,5309,3,恒流放电
3254,5999,5314,3,恒流放电
3254,5999,5319,3,恒流放电
3254,5999,5324,3,恒流放电
3254,5999,5329,3,恒流放电
3254,5999,5334,3,恒流放电
3254,5999,5339,3,恒流放电
3254,5999,5344,3,恒流放电
3254,6000,5349,3,恒流放电
3254,5999,5354,3,恒流放电
3254,5999,5359,3,恒流放电
3253,5999,5364,3,恒流放电
3254,5999,5369,3,恒流放电
3253,5999,5374,3,恒流放电
3253,5999,5379,3,恒流放电
3253,5999,5384,3,恒流放电
3253,5999,5389,3,恒流放电
3253,5999,5394,3,恒流放电
3253,5999,5399,3,恒流放电
3253,5999,5404,3,恒流放电
3253,5999,5409,3,恒流放电
3253,5999,5414,3,恒流放电
3253,5999,5419,3,恒流放电
3253,5999,5424,3,恒流放电
3253,5999,5429,3,恒流放电
3253,5999,5434,3,恒流放电
3253,5999,5439,3,恒流放电
3253,5999,5444,3,恒流放电
3253,5999,5449,3,恒流放电
3253,5999,5454,3,恒流放电
3253,5999,5459,3,恒流放电
3253,5999,5464,3,恒流放电
3253,5999,5469,3,恒流放电
3252,5999,5474,3,恒流放电
3252,5999,5479,3,恒流放电
3252,5999,5484,3,恒流放电
3253,5999,5489,3,恒流放电
3252,5999,5494,3,恒流放电
3252,5999,5499,3,恒流放电
3252,5999,5504,3,恒流放电
3252,5999,5509,3,恒流放电
3252,5999,5514,3,恒流放电
3252,5999,5519,3,恒流放电
3252,5999,5524,3,恒流放电
3252,5999,5529,3,恒流放电
3252,5999,5534,3,恒流放电
3252,5999,5539,3,恒流放电
3252,5999,5544,3,恒流放电
3252,5999,5549,3,恒流放电
3252,5999,5554,3,恒流放电
3252,5999,5559,3,恒流放电
3252,5999,5564,3,恒流放电
3252,5999,5569,3,恒流放电
3252,5999,5574,3,恒流放电
3252,5999,5579,3,恒流放电
3252,5999,5584,3,恒流放电
3252,5999,5589,3,恒流放电
3252,5999,5594,3,恒流放电
3251,5999,5599,3,恒流放电
3251,5999,5604,3,恒流放电
3251,5999,5609,3,恒流放电
3251,5999,5614,3,恒流放电
3251,5999,5619,3,恒流放电
3251,5999,5624,3,恒流放电
3251,5999,5629,3,恒流放电
3251,5999,5634,3,恒流放电
3251,5999,5639,3,恒流放电
3251,5999,5644,3,恒流放电
3251,5999,5649,3,恒流放电
3251,5999,5654,3,恒流放电
3251,5999,5659,3,恒流放电
3251,5999,5664,3,恒流放电
3251,5999,5669,3,恒流放电
3251,5999,5674,3,恒流放电
3251,5999,5679,3,恒流放电
3251,5999,5684,3,恒流放电
3251,6000,5689,3,恒流放电
3251,5999,5694,3,恒流放电
3250,5999,5699,3,恒流放电
3250,5999,5704,3,恒流放电
3250,5999,5709,3,恒流放电
3250,5999,5714,3,恒流放电
3250,5999,5719,3,恒流放电
3250,5999,5724,3,恒流放电
3250,5999,5729,3,恒流放电
3250,5999,5734,3,恒流放电
3250,5999,5739,3,恒流放电
3250,5999,5744,3,恒流放电
3250,5999,5749,3,恒流放电
3250,5999,5754,3,恒流放电
3250,5999,5759,3,恒流放电
3250,5999,5764,3,恒流放电
3250,5999,5769,3,恒流放电
3250,5999,5774,3,恒流放电
3250,5999,5779,3,恒流放电
3250,5999,5784,3,恒流放电
3250,5999,5789,3,恒流放电
3250,5999,5794,3,恒流放电
3250,5999,5799,3,恒流放电
3250,5999,5804,3,恒流放电
3249,5999,5809,3,恒流放电
3249,5999,5814,3,恒流放电
3249,5999,5819,3,恒流放电
3249,5999,5824,3,恒流放电
3249,5999,5829,3,恒流放电
3249,5999,5834,3,恒流放电
3249,5999,5839,3,恒流放电
3249,5999,5844,3,恒流放电
3248,5999,5849,3,恒流放电
3249,5999,5854,3,恒流放电
3249,5999,5859,3,恒流放电
3249,5999,5864,3,恒流放电
3249,5999,5869,3,恒流放电
3249,5999,5874,3,恒流放电
3249,5999,5879,3,恒流放电
3249,5999,5884,3,恒流放电
3249,5999,5889,3,恒流放电
3249,5999,5894,3,恒流放电
3249,5999,5899,3,恒流放电
3249,5999,5904,3,恒流放电
3249,5999,5909,3,恒流放电
3249,5999,5914,3,恒流放电
3248,5999,5919,3,恒流放电
3248,5999,5924,3,恒流放电
3248,5999,5929,3,恒流放电
3248,5999,5934,3,恒流放电
3248,5999,5939,3,恒流放电
3248,5999,5944,3,恒流放电
3248,5999,5949,3,恒流放电
3248,5999,5954,3,恒流放电
3248,5999,5959,3,恒流放电
3248,5999,5964,3,恒流放电
3248,5999,5969,3,恒流放电
3248,5999,5974,3,恒流放电
3248,5999,5979,3,恒流放电
3247,5999,5984,3,恒流放电
3248,6000,5989,3,恒流放电
3248,5999,5994,3,恒流放电
3248,5999,5999,3,恒流放电
3248,5999,6004,3,恒流放电
3248,5999,6009,3,恒流放电
3248,5999,6014,3,恒流放电
3248,5999,6019,3,恒流放电
3248,5999,6024,3,恒流放电
3248,5999,6029,3,恒流放电
3248,5999,6034,3,恒流放电
3248,5999,6039,3,恒流放电
3248,5999,6044,3,恒流放电
3248,5999,6049,3,恒流放电
3247,5999,6054,3,恒流放电
3247,5999,6059,3,恒流放电
3247,5999,6064,3,恒流放电
3247,5999,6069,3,恒流放电
3247,5999,6074,3,恒流放电
3247,5999,6079,3,恒流放电
3247,5999,6084,3,恒流放电
3247,5999,6089,3,恒流放电
3247,5999,6094,3,恒流放电
3247,5999,6099,3,恒流放电
3247,5999,6104,3,恒流放电
3247,5999,6109,3,恒流放电
3247,5999,6114,3,恒流放电
3247,5999,6119,3,恒流放电
3247,5999,6124,3,恒流放电
3247,5999,6129,3,恒流放电
3247,5999,6134,3,恒流放电
3247,5999,6139,3,恒流放电
3247,5999,6144,3,恒流放电
3247,5999,6149,3,恒流放电
3247,5999,6154,3,恒流放电
3247,5999,6159,3,恒流放电
3247,5999,6164,3,恒流放电
3247,5999,6169,3,恒流放电
3247,5999,6174,3,恒流放电
3247,5999,6179,3,恒流放电
3247,5999,6184,3,恒流放电
3246,5999,6189,3,恒流放电
3246,5999,6194,3,恒流放电
3246,5999,6199,3,恒流放电
3246,5999,6204,3,恒流放电
3246,5999,6209,3,恒流放电
3246,5999,6214,3,恒流放电
3246,5999,6219,3,恒流放电
3246,5999,6224,3,恒流放电
3246,5999,6229,3,恒流放电
3246,5999,6234,3,恒流放电
3246,5999,6239,3,恒流放电
3246,5999,6244,3,恒流放电
3246,5999,6249,3,恒流放电
3246,5999,6254,3,恒流放电
3246,5999,6259,3,恒流放电
3246,5999,6264,3,恒流放电
3246,5999,6269,3,恒流放电
3246,6000,6274,3,恒流放电
3246,5999,6279,3,恒流放电
3246,5999,6284,3,恒流放电
3246,5999,6289,3,恒流放电
3246,5999,6294,3,恒流放电
3246,5999,6299,3,恒流放电
3245,5999,6304,3,恒流放电
3246,5999,6309,3,恒流放电
3245,5999,6314,3,恒流放电
3245,5999,6319,3,恒流放电
3245,5999,6324,3,恒流放电
3245,5999,6329,3,恒流放电
3245,5999,6334,3,恒流放电
3245,5999,6339,3,恒流放电
3245,5999,6344,3,恒流放电
3245,5999,6349,3,恒流放电
3245,5999,6354,3,恒流放电
3245,5999,6359,3,恒流放电
3245,5999,6364,3,恒流放电
3245,5999,6369,3,恒流放电
3245,5999,6369,3,恒流放电
3245,5999,6374,3,恒流放电
3245,5999,6379,3,恒流放电
3245,5999,6384,3,恒流放电
3245,5999,6389,3,恒流放电
3245,5999,6394,3,恒流放电
3245,5999,6399,3,恒流放电
3245,5999,6404,3,恒流放电
3245,5999,6409,3,恒流放电
3245,5999,6414,3,恒流放电
3245,5999,6419,3,恒流放电
3245,5999,6424,3,恒流放电
3245,5999,6429,3,恒流放电
3245,5999,6434,3,恒流放电
3244,5999,6439,3,恒流放电
3244,5999,6444,3,恒流放电
3244,5999,6449,3,恒流放电
3244,6000,6454,3,恒流放电
3244,5999,6459,3,恒流放电
3244,5999,6464,3,恒流放电
3244,5999,6469,3,恒流放电
3244,5999,6474,3,恒流放电
3244,5999,6479,3,恒流放电
3244,5999,6484,3,恒流放电
3244,5999,6489,3,恒流放电
3244,5999,6494,3,恒流放电
3244,5999,6499,3,恒流放电
3244,5999,6504,3,恒流放电
3244,5999,6509,3,恒流放电
3244,5999,6514,3,恒流放电
3244,5999,6519,3,恒流放电
3244,5999,6524,3,恒流放电
3244,6000,6529,3,恒流放电
3244,5999,6534,3,恒流放电
3244,5999,6539,3,恒流放电
3244,5999,6544,3,恒流放电
3244,5999,6549,3,恒流放电
3243,5999,6554,3,恒流放电
3243,5999,6559,3,恒流放电
3243,5999,6564,3,恒流放电
3244,5999,6569,3,恒流放电
3243,5999,6574,3,恒流放电
3244,5999,6579,3,恒流放电
3243,5999,6584,3,恒流放电
3243,5999,6589,3,恒流放电
3243,5999,6594,3,恒流放电
3243,5999,6599,3,恒流放电
3243,5999,6604,3,恒流放电
3243,5999,6609,3,恒流放电
3243,5999,6614,3,恒流放电
3243,5999,6619,3,恒流放电
3243,5999,6624,3,恒流放电
3243,5999,6629,3,恒流放电
3243,5999,6634,3,恒流放电
3243,5999,6639,3,恒流放电
3242,5999,6644,3,恒流放电
3243,5999,6649,3,恒流放电
3243,5999,6654,3,恒流放电
3243,5999,6659,3,恒流放电
3243,5999,6664,3,恒流放电
3243,5999,6669,3,恒流放电
3243,5999,6674,3,恒流放电
3243,5999,6679,3,恒流放电
3243,5999,6684,3,恒流放电
3243,5999,6689,3,恒流放电
3242,5999,6694,3,恒流放电
3242,5999,6699,3,恒流放电
3243,5999,6704,3,恒流放电
3243,5999,6709,3,恒流放电
3242,5999,6714,3,恒流放电
3242,5999,6719,3,恒流放电
3242,5999,6724,3,恒流放电
3242,5999,6729,3,恒流放电
3242,5999,6734,3,恒流放电
3242,5999,6739,3,恒流放电
3242,5999,6744,3,恒流放电
3242,5999,6749,3,恒流放电
3241,5999,6754,3,恒流放电
3242,5999,6759,3,恒流放电
3242,5999,6764,3,恒流放电
3242,5999,6769,3,恒流放电
3242,5999,6774,3,恒流放电
3242,5999,6779,3,恒流放电
3242,5999,6784,3,恒流放电
3242,5999,6789,3,恒流放电
3242,5999,6794,3,恒流放电
3242,5999,6799,3,恒流放电
3242,5999,6804,3,恒流放电
3242,5999,6809,3,恒流放电
3242,5999,6814,3,恒流放电
3242,5999,6819,3,恒流放电
3242,5999,6824,3,恒流放电
3242,5999,6829,3,恒流放电
3241,5999,6834,3,恒流放电
3241,5999,6839,3,恒流放电
3241,5999,6844,3,恒流放电
3241,5999,6849,3,恒流放电
3241,5999,6854,3,恒流放电
3241,5999,6859,3,恒流放电
3241,5999,6864,3,恒流放电
3241,5999,6869,3,恒流放电
3241,5999,6874,3,恒流放电
3241,5999,6879,3,恒流放电
3241,5999,6884,3,恒流放电
3241,5999,6888,3,恒流放电
3241,5999,6893,3,恒流放电
3241,5999,6898,3,恒流放电
3241,5999,6903,3,恒流放电
3241,5999,6908,3,恒流放电
3241,5999,6913,3,恒流放电
3241,5999,6918,3,恒流放电
3241,5999,6923,3,恒流放电
3241,5999,6928,3,恒流放电
3241,5999,6933,3,恒流放电
3241,5999,6938,3,恒流放电
3241,5999,6943,3,恒流放电
3241,5999,6948,3,恒流放电
3240,5999,6953,3,恒流放电
3241,5999,6958,3,恒流放电
3240,5999,6963,3,恒流放电
3240,5999,6968,3,恒流放电
3240,5999,6973,3,恒流放电
3240,5999,6978,3,恒流放电
3240,5999,6983,3,恒流放电
3240,5999,6988,3,恒流放电
3240,5999,6993,3,恒流放电
3240,5999,6998,3,恒流放电
3240,5999,7003,3,恒流放电
3240,5999,7008,3,恒流放电
3240,5999,7013,3,恒流放电
3240,5999,7018,3,恒流放电
3240,5999,7023,3,恒流放电
3240,5999,7028,3,恒流放电
3240,5999,7033,3,恒流放电
3240,5999,7038,3,恒流放电
3240,5999,7043,3,恒流放电
3240,5999,7048,3,恒流放电
3240,5999,7053,3,恒流放电
3240,5999,7058,3,恒流放电
3240,5999,7063,3,恒流放电
3240,5999,7068,3,恒流放电
3240,5999,7073,3,恒流放电
3240,5999,7078,3,恒流放电
3240,5999,7083,3,恒流放电
3239,5999,7088,3,恒流放电
3239,5999,7093,3,恒流放电
3239,5999,7098,3,恒流放电
3239,5999,7103,3,恒流放电
3239,5999,7108,3,恒流放电
3239,5999,7113,3,恒流放电
3239,5999,7118,3,恒流放电
3239,5999,7123,3,恒流放电
3239,5999,7128,3,恒流放电
3239,5999,7133,3,恒流放电
3239,5999,7138,3,恒流放电
3239,5999,7143,3,恒流放电
3239,5999,7148,3,恒流放电
3239,5999,7153,3,恒流放电
3239,5999,7158,3,恒流放电
3239,5999,7163,3,恒流放电
3239,5999,7168,3,恒流放电
3239,5999,7173,3,恒流放电
3239,5999,7178,3,恒流放电
3239,5999,7183,3,恒流放电
3239,5999,7188,3,恒流放电
3239,5999,7193,3,恒流放电
3239,5999,7198,3,恒流放电
3239,5999,7203,3,恒流放电
3239,5999,7208,3,恒流放电
3239,5999,7213,3,恒流放电
3239,5999,7218,3,恒流放电
3238,5999,7223,3,恒流放电
3238,5999,7228,3,恒流放电
3238,5999,7233,3,恒流放电
3238,5999,7238,3,恒流放电
3238,5999,7243,3,恒流放电
3238,5999,7248,3,恒流放电
3238,5999,7253,3,恒流放电
3238,5999,7258,3,恒流放电
3238,5999,7263,3,恒流放电
3238,5999,7268,3,恒流放电
3238,5999,7273,3,恒流放电
3238,5999,7278,3,恒流放电
3238,5999,7283,3,恒流放电
3238,5999,7288,3,恒流放电
3238,5999,7293,3,恒流放电
3238,5999,7298,3,恒流放电
3238,5999,7298,3,恒流放电
3238,5999,7303,3,恒流放电
3238,5999,7308,3,恒流放电
3238,5999,7313,3,恒流放电
3238,5999,7318,3,恒流放电
3238,5999,7323,3,恒流放电
3238,5999,7328,3,恒流放电
3238,5999,7333,3,恒流放电
3238,5999,7338,3,恒流放电
3237,5999,7343,3,恒流放电
3237,5999,7348,3,恒流放电
3237,5999,7353,3,恒流放电
3237,5999,7358,3,恒流放电
3237,5999,7363,3,恒流放电
3237,5999,7368,3,恒流放电
3237,5999,7373,3,恒流放电
3237,5999,7378,3,恒流放电
3237,5999,7383,3,恒流放电
3237,5999,7388,3,恒流放电
3237,5999,7393,3,恒流放电
3237,5999,7398,3,恒流放电
3237,5999,7403,3,恒流放电
3237,5999,7408,3,恒流放电
3237,5999,7413,3,恒流放电
3237,5999,7418,3,恒流放电
3237,5999,7423,3,恒流放电
3237,5999,7428,3,恒流放电
3237,5999,7433,3,恒流放电
3237,5999,7438,3,恒流放电
3237,5999,7443,3,恒流放电
3237,5999,7448,3,恒流放电
3237,5999,7453,3,恒流放电
3237,5999,7458,3,恒流放电
3237,5999,7463,3,恒流放电
3236,5999,7468,3,恒流放电
3236,5999,7473,3,恒流放电
3236,5999,7478,3,恒流放电
3236,5999,7483,3,恒流放电
3236,5999,7488,3,恒流放电
3236,5999,7493,3,恒流放电
3236,5999,7498,3,恒流放电
3236,5999,7503,3,恒流放电
3236,5999,7508,3,恒流放电
3236,5999,7513,3,恒流放电
3236,5999,7518,3,恒流放电
3236,5999,7523,3,恒流放电
3236,5999,7528,3,恒流放电
3236,5999,7533,3,恒流放电
3236,5999,7538,3,恒流放电
3236,5999,7543,3,恒流放电
3236,5999,7548,3,恒流放电
3236,5999,7553,3,恒流放电
3236,5999,7558,3,恒流放电
3236,5999,7563,3,恒流放电
3236,5999,7568,3,恒流放电
3236,5999,7573,3,恒流放电
3236,5999,7578,3,恒流放电
3236,5999,7583,3,恒流放电
3236,5999,7588,3,恒流放电
3235,5999,7593,3,恒流放电
3235,5999,7598,3,恒流放电
3235,5999,7603,3,恒流放电
3235,5999,7608,3,恒流放电
3235,5999,7613,3,恒流放电
3235,5999,7618,3,恒流放电
3235,5999,7623,3,恒流放电
3235,5999,7628,3,恒流放电
3235,5999,7633,3,恒流放电
3235,5999,7638,3,恒流放电
3235,5999,7643,3,恒流放电
3235,5999,7648,3,恒流放电
3235,5999,7653,3,恒流放电
3235,5999,7658,3,恒流放电
3235,5999,7663,3,恒流放电
3235,5999,7668,3,恒流放电
3235,5999,7673,3,恒流放电
3235,5999,7678,3,恒流放电
3235,5999,7683,3,恒流放电
3235,5999,7688,3,恒流放电
3235,5999,7693,3,恒流放电
3235,5999,7698,3,恒流放电
3235,5999,7703,3,恒流放电
3235,5999,7708,3,恒流放电
3235,5999,7713,3,恒流放电
3234,5999,7718,3,恒流放电
3235,5999,7723,3,恒流放电
3234,5999,7728,3,恒流放电
3234,5999,7733,3,恒流放电
3234,5999,7738,3,恒流放电
3234,5999,7743,3,恒流放电
3234,5999,7748,3,恒流放电
3234,5999,7753,3,恒流放电
3234,5999,7758,3,恒流放电
3234,5999,7763,3,恒流放电
3234,5999,7768,3,恒流放电
3234,5999,7773,3,恒流放电
3234,5999,7778,3,恒流放电
3234,5999,7783,3,恒流放电
3234,5999,7788,3,恒流放电
3234,5999,7793,3,恒流放电
3234,5999,7798,3,恒流放电
3234,5999,7803,3,恒流放电
3234,5999,7808,3,恒流放电
3234,5999,7813,3,恒流放电
3234,5999,7818,3,恒流放电
3234,5999,7823,3,恒流放电
3234,5999,7828,3,恒流放电
3234,5999,7833,3,恒流放电
3234,5999,7838,3,恒流放电
3234,5999,7843,3,恒流放电
3233,5999,7848,3,恒流放电
3233,5999,7853,3,恒流放电
3233,5999,7858,3,恒流放电
3233,5999,7863,3,恒流放电
3233,5999,7868,3,恒流放电
3233,5999,7873,3,恒流放电
3233,5999,7878,3,恒流放电
3233,5999,7883,3,恒流放电
3233,5999,7888,3,恒流放电
3233,5999,7893,3,恒流放电
3233,5999,7898,3,恒流放电
3233,5999,7903,3,恒流放电
3233,5999,7908,3,恒流放电
3233,5999,7913,3,恒流放电
3233,5999,7918,3,恒流放电
3233,5999,7923,3,恒流放电
3233,5999,7928,3,恒流放电
3233,5999,7933,3,恒流放电
3233,5999,7938,3,恒流放电
3233,5999,7943,3,恒流放电
3233,5999,7948,3,恒流放电
3233,5999,7953,3,恒流放电
3232,5999,7958,3,恒流放电
3233,5999,7963,3,恒流放电
3232,5999,7968,3,恒流放电
3232,5999,7973,3,恒流放电
3233,5999,7978,3,恒流放电
3232,5999,7983,3,恒流放电
3232,5999,7988,3,恒流放电
3232,5999,7993,3,恒流放电
3232,5999,7998,3,恒流放电
3232,5999,8003,3,恒流放电
3232,5999,8008,3,恒流放电
3232,5999,8013,3,恒流放电
3232,5999,8018,3,恒流放电
3232,5999,8023,3,恒流放电
3232,5999,8028,3,恒流放电
3232,5999,8033,3,恒流放电
3232,5999,8038,3,恒流放电
3232,5999,8043,3,恒流放电
3232,5999,8048,3,恒流放电
3232,5999,8053,3,恒流放电
3232,5999,8058,3,恒流放电
3232,5999,8063,3,恒流放电
3232,5999,8068,3,恒流放电
3232,5999,8073,3,恒流放电
3232,5999,8078,3,恒流放电
3231,5999,8083,3,恒流放电
3232,5999,8088,3,恒流放电
3231,5999,8093,3,恒流放电
3231,5999,8098,3,恒流放电
3231,5999,8103,3,恒流放电
3231,5999,8108,3,恒流放电
3231,5999,8113,3,恒流放电
3231,5999,8118,3,恒流放电
3231,5999,8123,3,恒流放电
3231,5999,8128,3,恒流放电
3231,5999,8133,3,恒流放电
3231,5999,8138,3,恒流放电
3231,5999,8143,3,恒流放电
3231,5999,8148,3,恒流放电
3231,5999,8153,3,恒流放电
3231,5999,8158,3,恒流放电
3231,5999,8163,3,恒流放电
3231,5999,8168,3,恒流放电
3231,5999,8173,3,恒流放电
3231,5999,8178,3,恒流放电
3231,5999,8183,3,恒流放电
3231,5999,8188,3,恒流放电
3231,5999,8193,3,恒流放电
3231,5999,8198,3,恒流放电
3231,5999,8203,3,恒流放电
3230,5999,8208,3,恒流放电
3230,5999,8213,3,恒流放电
3230,5999,8218,3,恒流放电
3230,5999,8223,3,恒流放电
3230,5999,8228,3,恒流放电
3230,5999,8233,3,恒流放电
3230,5999,8238,3,恒流放电
3230,5999,8243,3,恒流放电
3230,5999,8248,3,恒流放电
3230,5999,8253,3,恒流放电
3230,5999,8258,3,恒流放电
3230,5999,8263,3,恒流放电
3230,5999,8268,3,恒流放电
3230,5999,8273,3,恒流放电
3230,5999,8278,3,恒流放电
3230,5999,8283,3,恒流放电
3230,5999,8288,3,恒流放电
3230,5999,8293,3,恒流放电
3230,5999,8298,3,恒流放电
3230,5999,8303,3,恒流放电
3230,5999,8308,3,恒流放电
3230,5999,8313,3,恒流放电
3230,5999,8318,3,恒流放电
3230,5999,8323,3,恒流放电
3230,5999,8328,3,恒流放电
3230,5999,8333,3,恒流放电
3229,6000,8338,3,恒流放电
3229,5999,8343,3,恒流放电
3229,6000,8348,3,恒流放电
3229,5999,8353,3,恒流放电
3229,5999,8358,3,恒流放电
3229,5999,8363,3,恒流放电
3229,5999,8368,3,恒流放电
3229,5999,8373,3,恒流放电
3229,5999,8378,3,恒流放电
3229,6000,8383,3,恒流放电
3229,5999,8388,3,恒流放电
3229,5999,8393,3,恒流放电
3229,5999,8398,3,恒流放电
3229,5999,8403,3,恒流放电
3229,5999,8408,3,恒流放电
3229,5999,8413,3,恒流放电
3229,5999,8418,3,恒流放电
3229,5999,8423,3,恒流放电
3229,5999,8428,3,恒流放电
3229,5999,8433,3,恒流放电
3229,5999,8438,3,恒流放电
3229,5999,8443,3,恒流放电
3229,5999,8448,3,恒流放电
3229,5999,8453,3,恒流放电
3229,5999,8458,3,恒流放电
3228,5999,8463,3,恒流放电
3228,5999,8468,3,恒流放电
3228,5999,8473,3,恒流放电
3228,5999,8478,3,恒流放电
3228,5999,8483,3,恒流放电
3228,5999,8488,3,恒流放电
3228,5999,8493,3,恒流放电
3228,5999,8498,3,恒流放电
3228,5999,8503,3,恒流放电
3228,5999,8508,3,恒流放电
3228,5999,8513,3,恒流放电
3228,5999,8518,3,恒流放电
3228,5999,8523,3,恒流放电
3228,5999,8528,3,恒流放电
3228,5999,8533,3,恒流放电
3228,5999,8538,3,恒流放电
3228,5999,8538,3,恒流放电
3228,5999,8543,3,恒流放电
3228,5999,8548,3,恒流放电
3228,5999,8553,3,恒流放电
3228,5999,8558,3,恒流放电
3228,5999,8563,3,恒流放电
3228,5999,8568,3,恒流放电
3227,5999,8573,3,恒流放电
3228,5999,8578,3,恒流放电
3228,5999,8583,3,恒流放电
3227,5999,8588,3,恒流放电
3227,5999,8593,3,恒流放电
3227,5999,8598,3,恒流放电
3227,5999,8603,3,恒流放电
3227,5999,8608,3,恒流放电
3227,5999,8613,3,恒流放电
3227,5999,8618,3,恒流放电
3227,5999,8623,3,恒流放电
3227,5999,8628,3,恒流放电
3227,5999,8633,3,恒流放电
3227,5999,8638,3,恒流放电
3227,5999,8643,3,恒流放电
3227,6000,8648,3,恒流放电
3227,5999,8653,3,恒流放电
3227,5999,8658,3,恒流放电
3227,5999,8663,3,恒流放电
3227,5999,8668,3,恒流放电
3227,5999,8673,3,恒流放电
3227,5999,8678,3,恒流放电
3227,5999,8683,3,恒流放电
3227,5999,8688,3,恒流放电
3226,5999,8693,3,恒流放电
3226,5999,8698,3,恒流放电
3227,5999,8703,3,恒流放电
3226,5999,8708,3,恒流放电
3226,5999,8713,3,恒流放电
3226,5999,8718,3,恒流放电
3226,5999,8723,3,恒流放电
3226,5999,8728,3,恒流放电
3226,5999,8733,3,恒流放电
3226,5999,8738,3,恒流放电
3226,5999,8743,3,恒流放电
3226,5999,8748,3,恒流放电
3226,5999,8753,3,恒流放电
3226,5999,8758,3,恒流放电
3226,5999,8763,3,恒流放电
3226,5999,8768,3,恒流放电
3226,5999,8773,3,恒流放电
3226,5999,8778,3,恒流放电
3226,5999,8783,3,恒流放电
3226,5999,8788,3,恒流放电
3226,5999,8793,3,恒流放电
3226,5999,8798,3,恒流放电
3226,5999,8803,3,恒流放电
3225,5999,8808,3,恒流放电
3226,5999,8813,3,恒流放电
3225,5999,8818,3,恒流放电
3226,5999,8823,3,恒流放电
3225,5999,8828,3,恒流放电
3225,5999,8833,3,恒流放电
3225,5999,8838,3,恒流放电
3225,5999,8843,3,恒流放电
3225,5999,8848,3,恒流放电
3225,5999,8853,3,恒流放电
3225,5999,8858,3,恒流放电
3225,5999,8863,3,恒流放电
3225,5999,8868,3,恒流放电
3225,5999,8873,3,恒流放电
3225,5999,8878,3,恒流放电
3225,5999,8883,3,恒流放电
3225,5999,8888,3,恒流放电
3225,5999,8893,3,恒流放电
3225,5999,8898,3,恒流放电
3225,5999,8903,3,恒流放电
3225,5999,8908,3,恒流放电
3225,5999,8913,3,恒流放电
3225,5999,8918,3,恒流放电
3225,5999,8923,3,恒流放电
3224,5999,8928,3,恒流放电
3224,5999,8933,3,恒流放电
3224,5999,8938,3,恒流放电
3224,5999,8943,3,恒流放电
3224,5999,8948,3,恒流放电
3224,5999,8953,3,恒流放电
3224,5999,8958,3,恒流放电
3224,5999,8963,3,恒流放电
3224,5999,8968,3,恒流放电
3224,5999,8973,3,恒流放电
3224,5999,8978,3,恒流放电
3224,5999,8983,3,恒流放电
3224,5999,8988,3,恒流放电
3224,5999,8993,3,恒流放电
3224,5999,8998,3,恒流放电
3224,5999,9003,3,恒流放电
3224,5999,9008,3,恒流放电
3224,5999,9013,3,恒流放电
3224,5999,9018,3,恒流放电
3224,5999,9023,3,恒流放电
3224,5999,9028,3,恒流放电
3224,5999,9033,3,恒流放电
3224,5999,9038,3,恒流放电
3224,5999,9043,3,恒流放电
3223,5999,9048,3,恒流放电
3223,5999,9053,3,恒流放电
3223,5999,9058,3,恒流放电
3223,5999,9063,3,恒流放电
3223,5999,9068,3,恒流放电
3223,5999,9073,3,恒流放电
3223,5999,9078,3,恒流放电
3223,5999,9083,3,恒流放电
3223,5999,9088,3,恒流放电
3223,5999,9093,3,恒流放电
3223,5999,9098,3,恒流放电
3223,5999,9103,3,恒流放电
3223,5999,9108,3,恒流放电
3223,5999,9113,3,恒流放电
3223,5999,9118,3,恒流放电
3223,5999,9123,3,恒流放电
3223,5999,9128,3,恒流放电
3223,5999,9133,3,恒流放电
3223,5999,9138,3,恒流放电
3223,5999,9143,3,恒流放电
3222,5999,9148,3,恒流放电
3222,5999,9153,3,恒流放电
3222,5999,9158,3,恒流放电
3222,5999,9163,3,恒流放电
3222,5999,9168,3,恒流放电
3222,5999,9173,3,恒流放电
3222,5999,9178,3,恒流放电
3222,5999,9183,3,恒流放电
3222,5999,9188,3,恒流放电
3222,5999,9193,3,恒流放电
3222,5999,9198,3,恒流放电
3222,5999,9203,3,恒流放电
3222,5999,9208,3,恒流放电
3222,5999,9213,3,恒流放电
3222,5999,9218,3,恒流放电
3222,5999,9223,3,恒流放电
3222,5999,9228,3,恒流放电
3222,6000,9233,3,恒流放电
3222,5999,9238,3,恒流放电
3222,5999,9243,3,恒流放电
3222,5999,9248,3,恒流放电
3222,5999,9253,3,恒流放电
3222,5999,9258,3,恒流放电
3221,6000,9263,3,恒流放电
3221,5999,9268,3,恒流放电
3221,5999,9273,3,恒流放电
3221,5999,9278,3,恒流放电
3221,5999,9283,3,恒流放电
3221,5999,9288,3,恒流放电
3221,5999,9293,3,恒流放电
3221,5999,9298,3,恒流放电
3221,5999,9303,3,恒流放电
3221,5999,9308,3,恒流放电
3221,5999,9313,3,恒流放电
3221,5999,9318,3,恒流放电
3221,5999,9323,3,恒流放电
3221,5999,9328,3,恒流放电
3221,5999,9333,3,恒流放电
3221,5999,9338,3,恒流放电
3221,5999,9343,3,恒流放电
3221,5999,9348,3,恒流放电
3221,5999,9353,3,恒流放电
3221,5999,9358,3,恒流放电
3221,5999,9363,3,恒流放电
3221,5999,9368,3,恒流放电
3220,5999,9373,3,恒流放电
3220,5999,9378,3,恒流放电
3221,5999,9383,3,恒流放电
3221,5999,9388,3,恒流放电
3220,5999,9393,3,恒流放电
3220,5999,9398,3,恒流放电
3220,5999,9403,3,恒流放电
3220,5999,9408,3,恒流放电
3220,6000,9413,3,恒流放电
3220,5999,9418,3,恒流放电
3220,5999,9423,3,恒流放电
3220,5999,9428,3,恒流放电
3220,5999,9433,3,恒流放电
3220,6000,9438,3,恒流放电
3220,5999,9443,3,恒流放电
3220,5999,9448,3,恒流放电
3220,5999,9453,3,恒流放电
3220,5999,9458,3,恒流放电
3220,5999,9463,3,恒流放电
3220,5999,9468,3,恒流放电
3220,5999,9473,3,恒流放电
3220,5999,9478,3,恒流放电
3219,5999,9483,3,恒流放电
3220,5999,9488,3,恒流放电
3220,5999,9493,3,恒流放电
3219,5999,9498,3,恒流放电
3219,5999,9503,3,恒流放电
3219,5999,9508,3,恒流放电
3219,5999,9513,3,恒流放电
3219,5999,9518,3,恒流放电
3219,5999,9523,3,恒流放电
3219,5999,9528,3,恒流放电
3219,5999,9533,3,恒流放电
3219,5999,9538,3,恒流放电
3219,5999,9543,3,恒流放电
3219,5999,9548,3,恒流放电
3219,5999,9553,3,恒流放电
3219,5999,9558,3,恒流放电
3219,5999,9563,3,恒流放电
3219,5999,9568,3,恒流放电
3219,5999,9573,3,恒流放电
3219,5999,9578,3,恒流放电
3219,5999,9583,3,恒流放电
3219,5999,9588,3,恒流放电
3219,5999,9593,3,恒流放电
3219,5999,9598,3,恒流放电
3218,5999,9603,3,恒流放电
3218,5999,9608,3,恒流放电
3218,5999,9613,3,恒流放电
3218,5999,9618,3,恒流放电
3218,5999,9623,3,恒流放电
3218,5999,9628,3,恒流放电
3218,5999,9633,3,恒流放电
3218,5999,9638,3,恒流放电
3218,5999,9643,3,恒流放电
3218,5999,9648,3,恒流放电
3218,5999,9653,3,恒流放电
3218,5999,9658,3,恒流放电
3218,5999,9663,3,恒流放电
3218,5999,9668,3,恒流放电
3218,5999,9673,3,恒流放电
3218,5999,9678,3,恒流放电
3218,5999,9683,3,恒流放电
3218,5999,9688,3,恒流放电
3218,5999,9693,3,恒流放电
3217,5999,9698,3,恒流放电
3217,5999,9703,3,恒流放电
3217,5999,9708,3,恒流放电
3217,5999,9713,3,恒流放电
3217,5999,9718,3,恒流放电
3217,5999,9723,3,恒流放电
3217,5999,9728,3,恒流放电
3217,5999,9733,3,恒流放电
3217,5999,9738,3,恒流放电
3217,5999,9743,3,恒流放电
3217,5999,9748,3,恒流放电
3217,5999,9753,3,恒流放电
3217,5999,9758,3,恒流放电
3217,5999,9763,3,恒流放电
3217,5999,9763,3,恒流放电
3217,5999,9768,3,恒流放电
3217,5999,9773,3,恒流放电
3217,5999,9778,3,恒流放电
3216,5999,9783,3,恒流放电
3217,5999,9788,3,恒流放电
3217,5999,9793,3,恒流放电
3216,5999,9798,3,恒流放电
3216,5999,9803,3,恒流放电
3216,5999,9808,3,恒流放电
3216,5999,9813,3,恒流放电
3216,5999,9818,3,恒流放电
3216,5999,9823,3,恒流放电
3216,5999,9828,3,恒流放电
3216,5999,9833,3,恒流放电
3216,5999,9838,3,恒流放电
3216,5999,9843,3,恒流放电
3216,5999,9848,3,恒流放电
3216,5999,9853,3,恒流放电
3216,5999,9858,3,恒流放电
3216,5999,9863,3,恒流放电
3216,5999,9868,3,恒流放电
3216,5999,9873,3,恒流放电
3216,5999,9878,3,恒流放电
3216,5999,9883,3,恒流放电
3215,5999,9888,3,恒流放电
3215,5999,9893,3,恒流放电
3215,5999,9898,3,恒流放电
3215,5999,9903,3,恒流放电
3215,5999,9908,3,恒流放电
3215,5999,9913,3,恒流放电
3215,5999,9918,3,恒流放电
3215,5999,9923,3,恒流放电
3215,5999,9928,3,恒流放电
3215,5999,9933,3,恒流放电
3215,5999,9938,3,恒流放电
3215,5999,9943,3,恒流放电
3215,5999,9948,3,恒流放电
3215,5999,9953,3,恒流放电
3215,5999,9958,3,恒流放电
3215,5999,9963,3,恒流放电
3215,5999,9968,3,恒流放电
3214,5999,9973,3,恒流放电
3214,5999,9978,3,恒流放电
3214,5999,9983,3,恒流放电
3214,5999,9988,3,恒流放电
3214,5999,9993,3,恒流放电
3214,5999,9998,3,恒流放电
3214,5999,10003,3,恒流放电
3214,5999,10008,3,恒流放电
3214,5999,10013,3,恒流放电
3214,5999,10018,3,恒流放电
3214,5999,10023,3,恒流放电
3214,5999,10028,3,恒流放电
3214,5999,10033,3,恒流放电
3214,5999,10038,3,恒流放电
3214,5999,10043,3,恒流放电
3214,5999,10048,3,恒流放电
3214,5999,10053,3,恒流放电
3214,5999,10058,3,恒流放电
3213,5999,10063,3,恒流放电
3213,5999,10068,3,恒流放电
3213,5999,10073,3,恒流放电
3213,5999,10078,3,恒流放电
3213,5999,10083,3,恒流放电
3213,5999,10088,3,恒流放电
3213,5999,10093,3,恒流放电
3213,5999,10098,3,恒流放电
3213,5999,10103,3,恒流放电
3213,5999,10108,3,恒流放电
3213,5999,10113,3,恒流放电
3213,5999,10118,3,恒流放电
3213,5999,10123,3,恒流放电
3213,5999,10128,3,恒流放电
3213,5999,10133,3,恒流放电
3213,6000,10138,3,恒流放电
3213,5999,10143,3,恒流放电
3212,5999,10148,3,恒流放电
3213,5999,10153,3,恒流放电
3212,5999,10158,3,恒流放电
3212,5999,10163,3,恒流放电
3212,5999,10168,3,恒流放电
3212,5999,10173,3,恒流放电
3212,5999,10178,3,恒流放电
3212,5999,10183,3,恒流放电
3212,5999,10188,3,恒流放电
3212,5999,10193,3,恒流放电
3212,5999,10198,3,恒流放电
3212,5999,10203,3,恒流放电
3212,5999,10208,3,恒流放电
3211,5999,10213,3,恒流放电
3212,6000,10218,3,恒流放电
3212,5999,10223,3,恒流放电
3212,5999,10228,3,恒流放电
3212,5999,10233,3,恒流放电
3211,5999,10238,3,恒流放电
3211,5999,10243,3,恒流放电
3211,5999,10248,3,恒流放电
3211,5999,10253,3,恒流放电
3211,5999,10258,3,恒流放电
3211,5999,10263,3,恒流放电
3211,5999,10268,3,恒流放电
3211,5999,10273,3,恒流放电
3211,5999,10278,3,恒流放电
3211,5999,10283,3,恒流放电
3211,5999,10288,3,恒流放电
3211,5999,10293,3,恒流放电
3211,5999,10298,3,恒流放电
3211,5999,10303,3,恒流放电
3211,5999,10308,3,恒流放电
3211,5999,10313,3,恒流放电
3211,5999,10318,3,恒流放电
3210,5999,10323,3,恒流放电
3210,5999,10328,3,恒流放电
3210,5999,10333,3,恒流放电
3210,5999,10338,3,恒流放电
3210,5999,10343,3,恒流放电
3210,5999,10348,3,恒流放电
3210,5999,10353,3,恒流放电
3210,5999,10358,3,恒流放电
3210,5999,10363,3,恒流放电
3210,5999,10368,3,恒流放电
3210,5999,10373,3,恒流放电
3210,5999,10378,3,恒流放电
3210,5999,10383,3,恒流放电
3210,5999,10388,3,恒流放电
3210,5999,10393,3,恒流放电
3209,5999,10398,3,恒流放电
3209,5999,10403,3,恒流放电
3209,5999,10408,3,恒流放电
3209,5999,10413,3,恒流放电
3209,5999,10418,3,恒流放电
3209,5999,10423,3,恒流放电
3209,5999,10428,3,恒流放电
3209,5999,10433,3,恒流放电
3209,5999,10438,3,恒流放电
3209,5999,10443,3,恒流放电
3209,5999,10448,3,恒流放电
3209,5999,10453,3,恒流放电
3209,5999,10458,3,恒流放电
3209,5999,10458,3,恒流放电
3209,5999,10463,3,恒流放电
3208,5999,10468,3,恒流放电
3209,5999,10473,3,恒流放电
3209,5999,10478,3,恒流放电
3208,5999,10483,3,恒流放电
3208,5999,10488,3,恒流放电
3208,5999,10493,3,恒流放电
3208,5999,10498,3,恒流放电
3208,5999,10503,3,恒流放电
3208,5999,10508,3,恒流放电
3208,5999,10513,3,恒流放电
3208,5999,10518,3,恒流放电
3208,5999,10523,3,恒流放电
3208,5999,10528,3,恒流放电
3208,5999,10533,3,恒流放电
3208,5999,10538,3,恒流放电
3207,5999,10543,3,恒流放电
3207,5999,10548,3,恒流放电
3207,5999,10553,3,恒流放电
3207,5999,10558,3,恒流放电
3207,5999,10563,3,恒流放电
3207,5999,10568,3,恒流放电
3207,5999,10573,3,恒流放电
3207,5999,10578,3,恒流放电
3207,5999,10583,3,恒流放电
3206,5999,10588,3,恒流放电
3206,5999,10593,3,恒流放电
3207,5999,10598,3,恒流放电
3207,5999,10603,3,恒流放电
3207,5999,10608,3,恒流放电
3207,5999,10613,3,恒流放电
3206,5999,10618,3,恒流放电
3206,5999,10623,3,恒流放电
3206,5999,10628,3,恒流放电
3206,5999,10633,3,恒流放电
3206,5999,10638,3,恒流放电
3206,5999,10643,3,恒流放电
3206,5999,10648,3,恒流放电
3206,5999,10653,3,恒流放电
3206,5999,10658,3,恒流放电
3206,5999,10663,3,恒流放电
3206,5999,10668,3,恒流放电
3206,5999,10673,3,恒流放电
3206,5999,10678,3,恒流放电
3205,5999,10683,3,恒流放电
3205,5999,10688,3,恒流放电
3205,5999,10693,3,恒流放电
3205,5999,10698,3,恒流放电
3205,5999,10703,3,恒流放电
3205,5999,10708,3,恒流放电
3205,5999,10713,3,恒流放电
3205,5999,10718,3,恒流放电
3205,5999,10723,3,恒流放电
3205,5999,10728,3,恒流放电
3205,5999,10733,3,恒流放电
3205,5999,10738,3,恒流放电
3205,5999,10743,3,恒流放电
3204,5999,10748,3,恒流放电
3204,5999,10753,3,恒流放电
3204,5999,10758,3,恒流放电
3204,5999,10763,3,恒流放电
3204,5999,10768,3,恒流放电
3204,5999,10773,3,恒流放电
3204,5999,10778,3,恒流放电
3204,5999,10783,3,恒流放电
3203,5999,10788,3,恒流放电
3204,5999,10793,3,恒流放电
3204,5999,10798,3,恒流放电
3204,5999,10803,3,恒流放电
3204,5999,10808,3,恒流放电
3204,5999,10813,3,恒流放电
3203,5999,10818,3,恒流放电
3203,5999,10823,3,恒流放电
3203,5999,10828,3,恒流放电
3203,5999,10833,3,恒流放电
3203,5999,10838,3,恒流放电
3203,5999,10843,3,恒流放电
3203,5999,10848,3,恒流放电
3203,5999,10853,3,恒流放电
3203,5999,10858,3,恒流放电
3203,5999,10863,3,恒流放电
3203,5999,10868,3,恒流放电
3203,5999,10873,3,恒流放电
3202,5999,10878,3,恒流放电
3203,5999,10883,3,恒流放电
3202,5999,10888,3,恒流放电
3202,5999,10893,3,恒流放电
3202,5999,10898,3,恒流放电
3202,5999,10903,3,恒流放电
3202,5999,10908,3,恒流放电
3202,5999,10913,3,恒流放电
3202,5999,10918,3,恒流放电
3202,5999,10923,3,恒流放电
3202,5999,10928,3,恒流放电
3202,5999,10933,3,恒流放电
3201,5999,10938,3,恒流放电
3201,5999,10943,3,恒流放电
3201,5999,10948,3,恒流放电
3201,5999,10953,3,恒流放电
3201,5999,10958,3,恒流放电
3201,5999,10963,3,恒流放电
3201,5999,10968,3,恒流放电
3201,5999,10973,3,恒流放电
3201,5999,10978,3,恒流放电
3201,5999,10983,3,恒流放电
3201,5999,10988,3,恒流放电
3201,5999,10993,3,恒流放电
3201,5999,10998,3,恒流放电
3200,5999,11003,3,恒流放电
3200,5999,11008,3,恒流放电
3200,5999,11013,3,恒流放电
3200,5999,11018,3,恒流放电
3200,5999,11023,3,恒流放电
3200,5999,11028,3,恒流放电
3200,5999,11033,3,恒流放电
3200,5999,11038,3,恒流放电
3200,5999,11043,3,恒流放电
3200,5999,11048,3,恒流放电
3200,5999,11053,3,恒流放电
3200,5999,11058,3,恒流放电
3199,5999,11063,3,恒流放电
3199,5999,11068,3,恒流放电
3199,5999,11073,3,恒流放电
3199,6000,11078,3,恒流放电
3199,5999,11083,3,恒流放电
3199,5999,11088,3,恒流放电
3199,5999,11093,3,恒流放电
3198,5999,11098,3,恒流放电
3199,5999,11103,3,恒流放电
3199,5999,11108,3,恒流放电
3199,5999,11113,3,恒流放电
3199,5999,11118,3,恒流放电
3199,5999,11123,3,恒流放电
3198,5999,11128,3,恒流放电
3198,5999,11133,3,恒流放电
3198,5999,11138,3,恒流放电
3198,5999,11143,3,恒流放电
3198,5999,11148,3,恒流放电
3198,5999,11153,3,恒流放电
3198,5999,11158,3,恒流放电
3198,5999,11163,3,恒流放电
3198,5999,11168,3,恒流放电
3198,5999,11173,3,恒流放电
3197,5999,11178,3,恒流放电
3197,5999,11183,3,恒流放电
3197,5999,11188,3,恒流放电
3197,5999,11193,3,恒流放电
3197,5999,11198,3,恒流放电
3197,5999,11203,3,恒流放电
3197,5999,11208,3,恒流放电
3197,5999,11213,3,恒流放电
3197,5999,11218,3,恒流放电
3197,6000,11223,3,恒流放电
3197,6000,11228,3,恒流放电
3196,6000,11233,3,恒流放电
3196,6000,11238,3,恒流放电
3196,6000,11243,3,恒流放电
3196,6000,11248,3,恒流放电
3196,6000,11253,3,恒流放电
3196,6000,11258,3,恒流放电
3196,6000,11263,3,恒流放电
3196,6000,11268,3,恒流放电
3196,6000,11273,3,恒流放电
3196,6000,11278,3,恒流放电
3195,6000,11283,3,恒流放电
3195,6000,11288,3,恒流放电
3195,6000,11293,3,恒流放电
3195,6000,11298,3,恒流放电
3195,6000,11303,3,恒流放电
3195,6000,11308,3,恒流放电
3195,6000,11313,3,恒流放电
3194,6000,11318,3,恒流放电
3195,6000,11323,3,恒流放电
3195,6000,11328,3,恒流放电
3195,6000,11328,3,恒流放电
3194,6000,11333,3,恒流放电
3194,6000,11338,3,恒流放电
3194,6000,11343,3,恒流放电
3194,6000,11348,3,恒流放电
3194,6000,11353,3,恒流放电
3194,6000,11358,3,恒流放电
3194,6000,11363,3,恒流放电
3194,6000,11368,3,恒流放电
3194,6000,11373,3,恒流放电
3194,6000,11378,3,恒流放电
3193,6000,11383,3,恒流放电
3193,6000,11388,3,恒流放电
3193,6000,11393,3,恒流放电
3193,6000,11398,3,恒流放电
3193,6000,11403,3,恒流放电
3193,6000,11408,3,恒流放电
3193,6000,11413,3,恒流放电
3193,6000,11418,3,恒流放电
3193,6000,11423,3,恒流放电
3193,6000,11428,3,恒流放电
3192,6000,11433,3,恒流放电
3192,6000,11438,3,恒流放电
3192,6000,11443,3,恒流放电
3192,6000,11448,3,恒流放电
3192,6000,11453,3,恒流放电
3192,6000,11458,3,恒流放电
3191,6000,11463,3,恒流放电
3192,6000,11468,3,恒流放电
3192,6000,11473,3,恒流放电
3192,6000,11478,3,恒流放电
3191,6000,11483,3,恒流放电
3192,6000,11488,3,恒流放电
3191,6000,11493,3,恒流放电
3191,6000,11498,3,恒流放电
3191,6000,11503,3,恒流放电
3191,6000,11508,3,恒流放电
3191,6000,11513,3,恒流放电
3191,6000,11518,3,恒流放电
3191,6000,11523,3,恒流放电
3191,6000,11528,3,恒流放电
3190,6000,11533,3,恒流放电
3190,6000,11538,3,恒流放电
3190,6000,11543,3,恒流放电
3190,6000,11548,3,恒流放电
3190,6000,11553,3,恒流放电
3190,6000,11558,3,恒流放电
3190,6000,11563,3,恒流放电
3190,6000,11568,3,恒流放电
3190,6000,11573,3,恒流放电
3189,6000,11578,3,恒流放电
3189,6000,11583,3,恒流放电
3189,5999,11588,3,恒流放电
3189,5999,11593,3,恒流放电
3189,6000,11598,3,恒流放电
3189,5999,11603,3,恒流放电
3189,5999,11608,3,恒流放电
3189,5999,11613,3,恒流放电
3189,5999,11618,3,恒流放电
3189,5999,11623,3,恒流放电
3188,5999,11628,3,恒流放电
3188,5999,11633,3,恒流放电
3188,5999,11638,3,恒流放电
3188,5999,11643,3,恒流放电
3188,5999,11648,3,恒流放电
3188,5999,11653,3,恒流放电
3188,5999,11658,3,恒流放电
3188,5999,11663,3,恒流放电
3188,5999,11668,3,恒流放电
3187,5999,11673,3,恒流放电
3188,5999,11678,3,恒流放电
3187,5999,11683,3,恒流放电
3187,5999,11688,3,恒流放电
3187,5999,11693,3,恒流放电
3187,5999,11698,3,恒流放电
3187,5999,11703,3,恒流放电
3187,5999,11708,3,恒流放电
3187,5999,11713,3,恒流放电
3186,5999,11718,3,恒流放电
3186,5999,11723,3,恒流放电
3186,5999,11728,3,恒流放电
3186,5999,11733,3,恒流放电
3186,5999,11738,3,恒流放电
3186,5999,11743,3,恒流放电
3186,5999,11748,3,恒流放电
3186,5999,11753,3,恒流放电
3186,5999,11758,3,恒流放电
3186,5999,11763,3,恒流放电
3185,5999,11768,3,恒流放电
3185,5999,11773,3,恒流放电
3185,5999,11778,3,恒流放电
3185,5999,11783,3,恒流放电
3185,5999,11788,3,恒流放电
3185,5999,11793,3,恒流放电
3184,5999,11798,3,恒流放电
3184,5999,11803,3,恒流放电
3184,5999,11808,3,恒流放电
3184,5999,11813,3,恒流放电
3184,5999,11818,3,恒流放电
3184,5999,11823,3,恒流放电
3184,5999,11828,3,恒流放电
3184,5999,11833,3,恒流放电
3184,5999,11838,3,恒流放电
3183,5999,11843,3,恒流放电
3183,5999,11848,3,恒流放电
3183,5999,11853,3,恒流放电
3183,5999,11858,3,恒流放电
3183,5999,11863,3,恒流放电
3183,5999,11868,3,恒流放电
3183,5999,11873,3,恒流放电
3183,5999,11878,3,恒流放电
3183,5999,11883,3,恒流放电
3182,5999,11888,3,恒流放电
3182,5999,11893,3,恒流放电
3182,5999,11898,3,恒流放电
3182,5999,11903,3,恒流放电
3182,5999,11908,3,恒流放电
3182,5999,11913,3,恒流放电
3182,6000,11918,3,恒流放电
3182,6000,11923,3,恒流放电
3181,6000,11928,3,恒流放电
3181,6000,11933,3,恒流放电
3181,6000,11938,3,恒流放电
3181,6000,11943,3,恒流放电
3181,6000,11948,3,恒流放电
3181,6000,11953,3,恒流放电
3181,6000,11958,3,恒流放电
3180,6000,11963,3,恒流放电
3180,6000,11968,3,恒流放电
3180,6000,11973,3,恒流放电
3180,6000,11978,3,恒流放电
3180,6000,11983,3,恒流放电
3180,6000,11988,3,恒流放电
3180,6000,11993,3,恒流放电
3179,6000,11998,3,恒流放电
3179,6000,12003,3,恒流放电
3179,6000,12008,3,恒流放电
3179,6000,12013,3,恒流放电
3179,6000,12018,3,恒流放电
3179,6000,12023,3,恒流放电
3179,6000,12028,3,恒流放电
3179,6000,12033,3,恒流放电
3178,6000,12038,3,恒流放电
3178,6000,12043,3,恒流放电
3178,6000,12048,3,恒流放电
3178,6000,12053,3,恒流放电
3178,6000,12058,3,恒流放电
3178,6000,12063,3,恒流放电
3178,6000,12068,3,恒流放电
3177,6000,12073,3,恒流放电
3177,6000,12078,3,恒流放电
3177,6000,12083,3,恒流放电
3177,6000,12088,3,恒流放电
3177,6000,12093,3,恒流放电
3177,6000,12098,3,恒流放电
3177,6000,12103,3,恒流放电
3176,6000,12108,3,恒流放电
3176,6000,12113,3,恒流放电
3176,6000,12118,3,恒流放电
3176,6000,12123,3,恒流放电
3176,6000,12128,3,恒流放电
3176,6000,12133,3,恒流放电
3176,6000,12138,3,恒流放电
3175,6000,12143,3,恒流放电
3175,6000,12148,3,恒流放电
3175,6000,12153,3,恒流放电
3175,5999,12158,3,恒流放电
3175,6000,12163,3,恒流放电
3175,6000,12168,3,恒流放电
3174,6000,12173,3,恒流放电
3174,5999,12178,3,恒流放电
3174,5999,12183,3,恒流放电
3174,6000,12188,3,恒流放电
3174,6000,12193,3,恒流放电
3174,6000,12198,3,恒流放电
3174,6000,12203,3,恒流放电
3173,6000,12208,3,恒流放电
3174,6000,12213,3,恒流放电
3173,6000,12218,3,恒流放电
3173,6000,12223,3,恒流放电
3173,6000,12228,3,恒流放电
3173,6000,12233,3,恒流放电
3173,6000,12238,3,恒流放电
3173,6000,12243,3,恒流放电
3172,6000,12248,3,恒流放电
3172,6000,12253,3,恒流放电
3172,6000,12258,3,恒流放电
3172,6000,12263,3,恒流放电
3172,6000,12268,3,恒流放电
3172,6000,12273,3,恒流放电
3172,6000,12278,3,恒流放电
3171,6000,12283,3,恒流放电
3171,6000,12288,3,恒流放电
3171,6000,12293,3,恒流放电
3171,6000,12298,3,恒流放电
3171,6000,12303,3,恒流放电
3171,6000,12308,3,恒流放电
3170,6000,12313,3,恒流放电
3170,6000,12318,3,恒流放电
3170,6000,12323,3,恒流放电
3170,6000,12328,3,恒流放电
3170,6000,12333,3,恒流放电
3170,6000,12338,3,恒流放电
3170,6000,12343,3,恒流放电
3169,6000,12348,3,恒流放电
3169,6000,12353,3,恒流放电
3169,6000,12358,3,恒流放电
3169,6000,12363,3,恒流放电
3169,6000,12368,3,恒流放电
3168,6000,12373,3,恒流放电
3168,6000,12378,3,恒流放电
3168,6000,12383,3,恒流放电
3168,6000,12388,3,恒流放电
3168,6000,12393,3,恒流放电
3168,6000,12398,3,恒流放电
3168,6000,12403,3,恒流放电
3167,6000,12408,3,恒流放电
3167,6000,12413,3,恒流放电
3167,6000,12418,3,恒流放电
3166,6000,12423,3,恒流放电
3167,6000,12428,3,恒流放电
3167,6000,12433,3,恒流放电
3166,6000,12438,3,恒流放电
3166,6000,12443,3,恒流放电
3166,6000,12448,3,恒流放电
3166,6000,12453,3,恒流放电
3166,6000,12458,3,恒流放电
3166,6000,12463,3,恒流放电
3165,6000,12468,3,恒流放电
3165,6000,12473,3,恒流放电
3165,6000,12478,3,恒流放电
3165,6000,12483,3,恒流放电
3165,6000,12488,3,恒流放电
3165,6000,12493,3,恒流放电
3164,6000,12498,3,恒流放电
3164,6000,12503,3,恒流放电
3164,6000,12508,3,恒流放电
3164,6000,12508,3,恒流放电
3164,6000,12513,3,恒流放电
3164,6000,12518,3,恒流放电
3164,6000,12523,3,恒流放电
3163,6000,12528,3,恒流放电
3163,6000,12533,3,恒流放电
3163,6000,12538,3,恒流放电
3163,6000,12543,3,恒流放电
3163,6000,12548,3,恒流放电
3162,6000,12553,3,恒流放电
3162,6000,12558,3,恒流放电
3162,6000,12563,3,恒流放电
3162,6000,12568,3,恒流放电
3162,6000,12573,3,恒流放电
3162,6000,12578,3,恒流放电
3161,6000,12583,3,恒流放电
3161,6000,12588,3,恒流放电
3161,6000,12593,3,恒流放电
3161,6000,12598,3,恒流放电
3161,6000,12603,3,恒流放电
3161,6000,12608,3,恒流放电
3160,6000,12613,3,恒流放电
3160,6000,12618,3,恒流放电
3160,6000,12623,3,恒流放电
3160,6000,12628,3,恒流放电
3160,6000,12633,3,恒流放电
3159,6000,12638,3,恒流放电
3159,6000,12643,3,恒流放电
3159,6000,12648,3,恒流放电
3159,6000,12653,3,恒流放电
3159,6000,12658,3,恒流放电
3159,6000,12663,3,恒流放电
3158,6000,12668,3,恒流放电
3158,6000,12673,3,恒流放电
3157,6000,12678,3,恒流放电
3158,6000,12683,3,恒流放电
3158,5999,12688,3,恒流放电
3158,5999,12693,3,恒流放电
3158,6000,12698,3,恒流放电
3157,6000,12703,3,恒流放电
3157,6000,12708,3,恒流放电
3157,6000,12713,3,恒流放电
3157,6000,12718,3,恒流放电
3156,6000,12723,3,恒流放电
3156,6000,12728,3,恒流放电
3156,6000,12733,3,恒流放电
3156,6000,12738,3,恒流放电
3156,6000,12743,3,恒流放电
3156,6000,12748,3,恒流放电
3155,6000,12753,3,恒流放电
3155,6000,12758,3,恒流放电
3155,6000,12763,3,恒流放电
3155,6000,12768,3,恒流放电
3155,6000,12773,3,恒流放电
3155,6000,12778,3,恒流放电
3154,6000,12783,3,恒流放电
3154,6000,12788,3,恒流放电
3154,6000,12793,3,恒流放电
3154,6000,12798,3,恒流放电
3154,6000,12803,3,恒流放电
3154,6000,12808,3,恒流放电
3154,6000,12813,3,恒流放电
3153,6000,12818,3,恒流放电
3153,6000,12823,3,恒流放电
3153,6000,12828,3,恒流放电
3153,6000,12833,3,恒流放电
3153,6000,12838,3,恒流放电
3153,6000,12843,3,恒流放电
3152,6000,12848,3,恒流放电
3152,6000,12853,3,恒流放电
3152,6000,12858,3,恒流放电
3152,6000,12863,3,恒流放电
3152,6000,12868,3,恒流放电
3152,6000,12873,3,恒流放电
3152,6000,12878,3,恒流放电
3152,6000,12883,3,恒流放电
3151,6000,12888,3,恒流放电
3151,6000,12893,3,恒流放电
3151,6000,12898,3,恒流放电
3151,6000,12903,3,恒流放电
3151,6000,12908,3,恒流放电
3151,6000,12913,3,恒流放电
3151,6000,12918,3,恒流放电
3150,6000,12923,3,恒流放电
3150,6000,12928,3,恒流放电
3150,6000,12933,3,恒流放电
3150,6000,12938,3,恒流放电
3150,6000,12943,3,恒流放电
3150,6000,12948,3,恒流放电
3150,6000,12953,3,恒流放电
3150,6000,12958,3,恒流放电
3150,6000,12963,3,恒流放电
3149,6000,12968,3,恒流放电
3149,6000,12973,3,恒流放电
3149,6000,12978,3,恒流放电
3149,6000,12983,3,恒流放电
3149,6000,12988,3,恒流放电
3149,6000,12993,3,恒流放电
3149,6000,12998,3,恒流放电
3149,6000,13003,3,恒流放电
3148,6000,13008,3,恒流放电
3148,6000,13013,3,恒流放电
3148,6000,13018,3,恒流放电
3148,6000,13023,3,恒流放电
3148,6000,13028,3,恒流放电
3148,5999,13033,3,恒流放电
3148,6000,13038,3,恒流放电
3148,6000,13043,3,恒流放电
3147,6000,13048,3,恒流放电
3147,6000,13053,3,恒流放电
3147,6000,13058,3,恒流放电
3147,6000,13063,3,恒流放电
3147,6000,13068,3,恒流放电
3147,6000,13073,3,恒流放电
3147,6000,13078,3,恒流放电
3147,6000,13083,3,恒流放电
3146,6000,13088,3,恒流放电
3147,6000,13093,3,恒流放电
3146,6000,13098,3,恒流放电
3146,6000,13103,3,恒流放电
3146,6000,13108,3,恒流放电
3146,6000,13113,3,恒流放电
3146,6000,13118,3,恒流放电
3146,6000,13123,3,恒流放电
3146,6000,13128,3,恒流放电
3146,6000,13133,3,恒流放电
3145,6000,13138,3,恒流放电
3145,6000,13143,3,恒流放电
3145,6000,13148,3,恒流放电
3145,6000,13153,3,恒流放电
3145,6000,13158,3,恒流放电
3145,6000,13163,3,恒流放电
3145,6000,13168,3,恒流放电
3145,6000,13173,3,恒流放电
3144,6000,13178,3,恒流放电
3144,6000,13183,3,恒流放电
3144,6000,13188,3,恒流放电
3144,6000,13193,3,恒流放电
3144,6000,13198,3,恒流放电
3144,6000,13203,3,恒流放电
3144,6000,13208,3,恒流放电
3144,6000,13213,3,恒流放电
3144,6000,13218,3,恒流放电
3143,6000,13223,3,恒流放电
3143,6000,13228,3,恒流放电
3143,6000,13233,3,恒流放电
3143,6000,13238,3,恒流放电
3143,6000,13243,3,恒流放电
3143,6000,13248,3,恒流放电
3143,6000,13253,3,恒流放电
3143,6000,13258,3,恒流放电
3142,6000,13263,3,恒流放电
3142,6000,13268,3,恒流放电
3142,6000,13273,3,恒流放电
3142,6000,13278,3,恒流放电
3142,6000,13283,3,恒流放电
3142,6000,13288,3,恒流放电
3142,6000,13293,3,恒流放电
3142,6000,13298,3,恒流放电
3141,6000,13303,3,恒流放电
3142,6000,13308,3,恒流放电
3141,6000,13313,3,恒流放电
3141,6000,13318,3,恒流放电
3141,6000,13323,3,恒流放电
3141,6000,13328,3,恒流放电
3141,6000,13333,3,恒流放电
3141,6000,13338,3,恒流放电
3140,6000,13343,3,恒流放电
3140,6000,13348,3,恒流放电
3140,6000,13353,3,恒流放电
3140,6000,13358,3,恒流放电
3140,6000,13363,3,恒流放电
3140,6000,13368,3,恒流放电
3140,6000,13373,3,恒流放电
3140,6000,13378,3,恒流放电
3139,6000,13383,3,恒流放电
3139,6000,13388,3,恒流放电
3139,6000,13393,3,恒流放电
3139,6000,13398,3,恒流放电
3139,6000,13403,3,恒流放电
3139,6000,13408,3,恒流放电
3139,6000,13413,3,恒流放电
3138,6000,13418,3,恒流放电
3138,6000,13423,3,恒流放电
3138,6000,13428,3,恒流放电
3138,6000,13433,3,恒流放电
3138,6000,13438,3,恒流放电
3138,6000,13443,3,恒流放电
3138,6000,13448,3,恒流放电
3137,6000,13453,3,恒流放电
3137,6000,13458,3,恒流放电
3137,6000,13463,3,恒流放电
3137,6000,13468,3,恒流放电
3137,6000,13473,3,恒流放电
3137,6000,13478,3,恒流放电
3137,6000,13483,3,恒流放电
3136,6000,13488,3,恒流放电
3136,6000,13493,3,恒流放电
3136,6000,13498,3,恒流放电
3136,6000,13503,3,恒流放电
3136,6000,13508,3,恒流放电
3136,6000,13513,3,恒流放电
3136,6000,13518,3,恒流放电
3136,6000,13523,3,恒流放电
3136,6000,13528,3,恒流放电
3135,6000,13533,3,恒流放电
3135,6000,13538,3,恒流放电
3135,6000,13543,3,恒流放电
3135,6000,13548,3,恒流放电
3135,6000,13553,3,恒流放电
3135,6000,13558,3,恒流放电
3134,6000,13563,3,恒流放电
3134,6000,13568,3,恒流放电
3134,6000,13573,3,恒流放电
3134,6000,13578,3,恒流放电
3134,6000,13583,3,恒流放电
3134,6000,13588,3,恒流放电
3134,6000,13593,3,恒流放电
3133,5999,13598,3,恒流放电
3133,5999,13603,3,恒流放电
3133,5999,13608,3,恒流放电
3133,5999,13613,3,恒流放电
3133,5999,13618,3,恒流放电
3133,5999,13623,3,恒流放电
3132,5999,13628,3,恒流放电
3132,5999,13633,3,恒流放电
3132,5999,13638,3,恒流放电
3132,5999,13643,3,恒流放电
3132,5999,13648,3,恒流放电
3132,5999,13653,3,恒流放电
3132,5999,13658,3,恒流放电
3131,5999,13663,3,恒流放电
3131,5999,13668,3,恒流放电
3131,5999,13673,3,恒流放电
3131,5999,13678,3,恒流放电
3131,5999,13683,3,恒流放电
3131,5999,13688,3,恒流放电
3131,5999,13693,3,恒流放电
3130,5999,13698,3,恒流放电
3130,5999,13703,3,恒流放电
3130,5999,13708,3,恒流放电
3130,5999,13713,3,恒流放电
3130,5999,13718,3,恒流放电
3129,5999,13723,3,恒流放电
3129,5999,13728,3,恒流放电
3129,5999,13733,3,恒流放电
3129,5999,13738,3,恒流放电
3129,5999,13743,3,恒流放电
3129,5999,13748,3,恒流放电
3129,5999,13753,3,恒流放电
3128,5999,13758,3,恒流放电
3128,5999,13763,3,恒流放电
3128,5999,13768,3,恒流放电
3128,5999,13773,3,恒流放电
3128,5999,13778,3,恒流放电
3127,5999,13783,3,恒流放电
3127,5999,13788,3,恒流放电
3127,5999,13793,3,恒流放电
3127,5999,13798,3,恒流放电
3127,5999,13803,3,恒流放电
3127,5999,13808,3,恒流放电
3126,5999,13813,3,恒流放电
3126,5999,13818,3,恒流放电
3126,5999,13823,3,恒流放电
3126,5999,13828,3,恒流放电
3126,5999,13833,3,恒流放电
3126,5999,13838,3,恒流放电
3125,5999,13843,3,恒流放电
3125,5999,13848,3,恒流放电
3125,5999,13853,3,恒流放电
3125,5999,13858,3,恒流放电
3124,5999,13863,3,恒流放电
3124,5999,13868,3,恒流放电
3124,5999,13873,3,恒流放电
3124,5999,13878,3,恒流放电
3124,5999,13883,3,恒流放电
3124,5999,13888,3,恒流放电
3123,5999,13893,3,恒流放电
3123,5999,13898,3,恒流放电
3123,5999,13903,3,恒流放电
3123,5999,13908,3,恒流放电
3122,5999,13913,3,恒流放电
3122,5999,13918,3,恒流放电
3122,5999,13923,3,恒流放电
3122,5999,13928,3,恒流放电
3122,5999,13933,3,恒流放电
3122,5999,13938,3,恒流放电
3120,5999,13943,3,恒流放电
3121,5999,13948,3,恒流放电
3121,5999,13953,3,恒流放电
3121,5999,13958,3,恒流放电
3120,5999,13963,3,恒流放电
3120,5999,13968,3,恒流放电
3120,5999,13973,3,恒流放电
3120,5999,13978,3,恒流放电
3119,5999,13983,3,恒流放电
3119,5999,13988,3,恒流放电
3119,5999,13993,3,恒流放电
3119,5999,13998,3,恒流放电
3118,5999,14003,3,恒流放电
3118,5999,14008,3,恒流放电
3118,5999,14013,3,恒流放电
3118,5999,14018,3,恒流放电
3117,5999,14023,3,恒流放电
3117,5999,14028,3,恒流放电
3117,5999,14033,3,恒流放电
3117,5999,14038,3,恒流放电
3116,5999,14043,3,恒流放电
3116,5999,14048,3,恒流放电
3116,5999,14053,3,恒流放电
3115,6000,14058,3,恒流放电
3115,5999,14063,3,恒流放电
3115,5999,14068,3,恒流放电
3114,5999,14073,3,恒流放电
3114,5999,14078,3,恒流放电
3114,5999,14083,3,恒流放电
3114,5999,14088,3,恒流放电
3113,5999,14093,3,恒流放电
3113,5999,14093,3,恒流放电
3113,5999,14098,3,恒流放电
3112,5999,14103,3,恒流放电
3112,5999,14108,3,恒流放电
3112,5999,14113,3,恒流放电
3111,5999,14118,3,恒流放电
3111,5999,14123,3,恒流放电
3111,5999,14128,3,恒流放电
3110,5999,14133,3,恒流放电
3110,5999,14138,3,恒流放电
3109,6000,14143,3,恒流放电
3109,6000,14148,3,恒流放电
3108,5999,14153,3,恒流放电
3108,5999,14158,3,恒流放电
3107,5999,14163,3,恒流放电
3107,5999,14168,3,恒流放电
3106,5999,14173,3,恒流放电
3106,5999,14178,3,恒流放电
3105,5999,14183,3,恒流放电
3105,6000,14188,3,恒流放电
3105,6000,14193,3,恒流放电
3104,5999,14198,3,恒流放电
3103,6000,14203,3,恒流放电
3103,6000,14208,3,恒流放电
3102,5999,14213,3,恒流放电
3102,5999,14218,3,恒流放电
3101,5999,14223,3,恒流放电
3100,5999,14228,3,恒流放电
3100,5999,14233,3,恒流放电
3099,6000,14238,3,恒流放电
3099,5999,14243,3,恒流放电
3098,5999,14248,3,恒流放电
3097,6000,14253,3,恒流放电
3096,5999,14258,3,恒流放电
3096,5999,14263,3,恒流放电
3095,5999,14268,3,恒流放电
3095,6000,14273,3,恒流放电
3094,5999,14278,3,恒流放电
3093,5999,14283,3,恒流放电
3093,5999,14288,3,恒流放电
3092,5999,14293,3,恒流放电
3091,5999,14298,3,恒流放电
3090,5999,14303,3,恒流放电
3090,5999,14308,3,恒流放电
3089,5999,14313,3,恒流放电
3088,5999,14318,3,恒流放电
3087,5999,14323,3,恒流放电
3087,5999,14328,3,恒流放电
3086,5999,14333,3,恒流放电
3085,5999,14338,3,恒流放电
3084,5999,14343,3,恒流放电
3084,6000,14348,3,恒流放电
3083,6000,14353,3,恒流放电
3082,6000,14358,3,恒流放电
3081,6000,14363,3,恒流放电
3080,6000,14368,3,恒流放电
3080,6000,14373,3,恒流放电
3078,6000,14378,3,恒流放电
3078,6000,14383,3,恒流放电
3077,6000,14388,3,恒流放电
3076,6000,14393,3,恒流放电
3076,6000,14398,3,恒流放电
3074,6000,14403,3,恒流放电
3074,6000,14408,3,恒流放电
3073,6000,14413,3,恒流放电
3072,6000,14418,3,恒流放电
3072,6000,14423,3,恒流放电
3070,6000,14428,3,恒流放电
3069,6000,14433,3,恒流放电
3069,6000,14438,3,恒流放电
3068,6000,14443,3,恒流放电
3067,6000,14448,3,恒流放电
3067,6000,14453,3,恒流放电
3066,6000,14458,3,恒流放电
3065,6000,14463,3,恒流放电
3064,6000,14468,3,恒流放电
3063,6000,14473,3,恒流放电
3062,6000,14478,3,恒流放电
3061,6000,14483,3,恒流放电
3061,6000,14488,3,恒流放电
3059,6000,14493,3,恒流放电
3059,6000,14498,3,恒流放电
3058,6000,14503,3,恒流放电
3057,6000,14508,3,恒流放电
3056,6000,14513,3,恒流放电
3055,6000,14518,3,恒流放电
3054,5999,14523,3,恒流放电
3053,6000,14528,3,恒流放电
3053,6000,14533,3,恒流放电
3052,6000,14538,3,恒流放电
3051,5999,14543,3,恒流放电
3050,5999,14548,3,恒流放电
3049,5999,14553,3,恒流放电
3048,6000,14558,3,恒流放电
3047,6000,14563,3,恒流放电
3046,6000,14568,3,恒流放电
3045,6000,14573,3,恒流放电
3044,6000,14578,3,恒流放电
3043,5999,14583,3,恒流放电
3043,5999,14588,3,恒流放电
3042,5999,14593,3,恒流放电
3041,5999,14598,3,恒流放电
3040,5999,14603,3,恒流放电
3039,5999,14608,3,恒流放电
3038,5999,14613,3,恒流放电
3037,5999,14618,3,恒流放电
3036,5999,14623,3,恒流放电
3035,5999,14628,3,恒流放电
3034,5999,14633,3,恒流放电
3033,5999,14638,3,恒流放电
3032,5999,14643,3,恒流放电
3031,5999,14648,3,恒流放电
3030,5999,14653,3,恒流放电
3029,5999,14658,3,恒流放电
3028,5999,14663,3,恒流放电
3027,5999,14668,3,恒流放电
3026,5999,14673,3,恒流放电
3025,5999,14678,3,恒流放电
3024,5999,14683,3,恒流放电
3023,5999,14688,3,恒流放电
3022,5999,14693,3,恒流放电
3021,5999,14698,3,恒流放电
3019,5999,14703,3,恒流放电
3019,5999,14708,3,恒流放电
3017,5999,14713,3,恒流放电
3016,5999,14718,3,恒流放电
3015,5999,14723,3,恒流放电
3014,5999,14728,3,恒流放电
3013,5999,14733,3,恒流放电
3012,5999,14738,3,恒流放电
3010,5999,14743,3,恒流放电
3009,5999,14748,3,恒流放电
3008,5999,14753,3,恒流放电
3007,5999,14758,3,恒流放电
3006,5999,14763,3,恒流放电
3005,5999,14768,3,恒流放电
3004,5999,14773,3,恒流放电
3002,5999,14778,3,恒流放电
3001,5999,14783,3,恒流放电
3000,5999,14788,3,恒流放电
2999,5999,14793,3,恒流放电
2997,5999,14798,3,恒流放电
2996,5999,14803,3,恒流放电
2995,6000,14808,3,恒流放电
2994,6000,14813,3,恒流放电
2992,6000,14818,3,恒流放电
2991,6000,14823,3,恒流放电
2990,6000,14828,3,恒流放电
2988,6000,14833,3,恒流放电
2987,6000,14838,3,恒流放电
2986,6000,14843,3,恒流放电
2984,6000,14848,3,恒流放电
2983,6000,14853,3,恒流放电
2981,6000,14858,3,恒流放电
2980,6000,14863,3,恒流放电
2978,6000,14868,3,恒流放电
2977,6000,14873,3,恒流放电
2975,6000,14878,3,恒流放电
2974,6000,14883,3,恒流放电
2972,6000,14888,3,恒流放电
2971,6000,14893,3,恒流放电
2969,6000,14898,3,恒流放电
2968,6000,14903,3,恒流放电
2966,6000,14908,3,恒流放电
2964,6000,14913,3,恒流放电
2963,6000,14918,3,恒流放电
2961,6000,14923,3,恒流放电
2959,6000,14928,3,恒流放电
2958,6000,14933,3,恒流放电
2956,6000,14938,3,恒流放电
2954,6000,14943,3,恒流放电
2952,6000,14948,3,恒流放电
2950,6000,14953,3,恒流放电
2948,6000,14958,3,恒流放电
2946,6000,14963,3,恒流放电
2944,6000,14968,3,恒流放电
2942,6000,14973,3,恒流放电
2940,6000,14978,3,恒流放电
2938,6000,14983,3,恒流放电
2936,6000,14988,3,恒流放电
2933,6000,14993,3,恒流放电
2931,6000,14998,3,恒流放电
2929,5999,15003,3,恒流放电
2927,6000,15008,3,恒流放电
2924,6000,15013,3,恒流放电
2922,6000,15018,3,恒流放电
2919,6000,15023,3,恒流放电
2917,6000,15028,3,恒流放电
2914,6000,15033,3,恒流放电
2912,6000,15038,3,恒流放电
2909,6000,15043,3,恒流放电
2907,6000,15048,3,恒流放电
2904,6000,15053,3,恒流放电
2901,6000,15058,3,恒流放电
2898,6000,15063,3,恒流放电
2896,6000,15068,3,恒流放电
2891,6000,15073,3,恒流放电
2890,6000,15078,3,恒流放电
2887,6000,15083,3,恒流放电
2884,6000,15088,3,恒流放电
2881,6000,15093,3,恒流放电
2878,6000,15098,3,恒流放电
2873,6000,15103,3,恒流放电
2870,6000,15108,3,恒流放电
2868,6000,15113,3,恒流放电
2865,6000,15118,3,恒流放电
2861,6000,15123,3,恒流放电
2856,6000,15128,3,恒流放电
2854,6000,15133,3,恒流放电
2849,6000,15138,3,恒流放电
2846,6000,15143,3,恒流放电
2842,6000,15148,3,恒流放电
2839,6000,15153,3,恒流放电
2835,6000,15158,3,恒流放电
2831,6000,15163,3,恒流放电
2827,6000,15168,3,恒流放电
2823,6000,15173,3,恒流放电
2819,6000,15178,3,恒流放电
2815,6000,15183,3,恒流放电
2810,6000,15188,3,恒流放电
2806,6000,15193,3,恒流放电
2802,6000,15198,3,恒流放电
2797,6000,15203,3,恒流放电
2793,6000,15208,3,恒流放电
2788,6000,15213,3,恒流放电
2784,6000,15218,3,恒流放电
2779,6000,15223,3,恒流放电
2774,6000,15228,3,恒流放电
2769,6000,15233,3,恒流放电
2764,5999,15238,3,恒流放电
2759,5999,15243,3,恒流放电
2754,5999,15248,3,恒流放电
2748,5999,15253,3,恒流放电
2743,6000,15258,3,恒流放电
2737,6000,15263,3,恒流放电
2731,6000,15268,3,恒流放电
2725,5999,15273,3,恒流放电
2719,5999,15278,3,恒流放电
2713,5999,15283,3,恒流放电
2706,6000,15288,3,恒流放电
2699,6000,15293,3,恒流放电
2692,6000,15298,3,恒流放电
2686,6000,15303,3,恒流放电
2678,5999,15308,3,恒流放电
2670,6000,15313,3,恒流放电
2662,5999,15318,3,恒流放电
2654,5999,15323,3,恒流放电
2646,5999,15328,3,恒流放电
2636,6000,15333,3,恒流放电
2627,5999,15338,3,恒流放电
2617,6000,15343,3,恒流放电
2606,5999,15348,3,恒流放电
2595,5999,15353,3,恒流放电
2582,6000,15358,3,恒流放电
2568,5999,15363,3,恒流放电
2553,5999,15368,3,恒流放电
2534,5999,15373,3,恒流放电
2515,5999,15378,3,恒流放电
2568,0,15381,3,恒流放电
2599,0,15381,3,恒流放电
2613,0,15381,3,恒流放电
2636,0,0,4,搁置
2638,0,0,4,搁置
2641,0,0,4,搁置
2643,0,0,4,搁置
2646,0,0,4,搁置
2648,0,0,4,搁置
2650,0,0,4,搁置
2652,0,0,4,搁置
2654,0,0,4,搁置
2656,0,0,4,搁置
2657,0,0,4,搁置
2659,0,0,4,搁置
2660,0,0,4,搁置
2662,0,0,4,搁置
2663,0,0,4,搁置
2664,0,0,4,搁置
2665,0,0,4,搁置
2667,0,0,4,搁置
2668,0,0,4,搁置
2669,0,0,4,搁置
2670,0,0,4,搁置
2670,0,0,4,搁置
2672,0,0,4,搁置
2673,0,0,4,搁置
2673,0,0,4,搁置
2674,0,0,4,搁置
2675,0,0,4,搁置
2676,0,0,4,搁置
2677,0,0,4,搁置
2677,0,0,4,搁置
2678,0,0,4,搁置
2679,0,0,4,搁置
2679,0,0,4,搁置
2680,0,0,4,搁置
2681,0,0,4,搁置
2681,0,0,4,搁置
2682,0,0,4,搁置
2683,0,0,4,搁置
2683,0,0,4,搁置
2684,0,0,4,搁置
2684,0,0,4,搁置
2685,0,0,4,搁置
2685,0,0,4,搁置
2686,0,0,4,搁置
2686,0,0,4,搁置
2687,0,0,4,搁置
2687,0,0,4,搁置
2688,0,0,4,搁置
2689,0,0,4,搁置
2689,0,0,4,搁置
2689,0,0,4,搁置
2690,0,0,4,搁置
2690,0,0,4,搁置
2691,0,0,4,搁置
2691,0,0,4,搁置
2692,0,0,4,搁置
2692,0,0,4,搁置
2693,0,0,4,搁置
2693,0,0,4,搁置
2693,0,0,4,搁置
2695,0,0,4,搁置
2696,0,0,4,搁置
2697,0,0,4,搁置
2741,5999,0,5,恒流恒压充电
2760,6000,4,5,恒流恒压充电
2778,5999,9,5,恒流恒压充电
2791,5999,14,5,恒流恒压充电
2804,5999,19,5,恒流恒压充电
2815,5999,24,5,恒流恒压充电
2826,5999,29,5,恒流恒压充电
2836,5999,34,5,恒流恒压充电
2845,5999,39,5,恒流恒压充电
2854,5999,44,5,恒流恒压充电
2862,5999,49,5,恒流恒压充电
2870,5999,54,5,恒流恒压充电
2877,5999,59,5,恒流恒压充电
2884,5999,64,5,恒流恒压充电
2892,5999,69,5,恒流恒压充电
2898,5999,74,5,恒流恒压充电
2904,5999,79,5,恒流恒压充电
2911,5999,84,5,恒流恒压充电
2916,5999,89,5,恒流恒压充电
2922,5999,94,5,恒流恒压充电
2928,5999,99,5,恒流恒压充电
2933,5999,104,5,恒流恒压充电
2939,5999,109,5,恒流恒压充电
2944,5999,114,5,恒流恒压充电
2949,5999,119,5,恒流恒压充电
2954,5999,124,5,恒流恒压充电
2958,5999,129,5,恒流恒压充电
2963,5999,134,5,恒流恒压充电
2967,5999,139,5,恒流恒压充电
2972,5999,144,5,恒流恒压充电
2976,5999,149,5,恒流恒压充电
2980,5999,154,5,恒流恒压充电
2985,5999,159,5,恒流恒压充电
2988,5999,164,5,恒流恒压充电
2993,5999,169,5,恒流恒压充电
2997,5999,174,5,恒流恒压充电
3001,6000,179,5,恒流恒压充电
3005,6000,184,5,恒流恒压充电
3008,6000,189,5,恒流恒压充电
3012,5999,194,5,恒流恒压充电
3015,5999,199,5,恒流恒压充电
3019,5999,204,5,恒流恒压充电
3022,6000,209,5,恒流恒压充电
3026,6000,214,5,恒流恒压充电
3029,6000,219,5,恒流恒压充电
3032,6000,224,5,恒流恒压充电
3036,6000,229,5,恒流恒压充电
3039,6000,234,5,恒流恒压充电
3042,5999,239,5,恒流恒压充电
3045,6000,244,5,恒流恒压充电
3049,5999,249,5,恒流恒压充电
3051,6000,254,5,恒流恒压充电
3055,5999,259,5,恒流恒压充电
3058,5999,264,5,恒流恒压充电
3060,6000,269,5,恒流恒压充电
3063,6000,274,5,恒流恒压充电
3066,6000,279,5,恒流恒压充电
3069,6000,284,5,恒流恒压充电
3072,6000,289,5,恒流恒压充电
3074,6000,294,5,恒流恒压充电
3077,6000,299,5,恒流恒压充电
3080,5999,304,5,恒流恒压充电
3083,6000,309,5,恒流恒压充电
3085,6000,314,5,恒流恒压充电
3088,6000,319,5,恒流恒压充电
3090,6000,324,5,恒流恒压充电
3093,6000,329,5,恒流恒压充电
3095,6000,334,5,恒流恒压充电
3098,6000,339,5,恒流恒压充电
3100,6000,344,5,恒流恒压充电
3103,5999,349,5,恒流恒压充电
3105,6000,354,5,恒流恒压充电
3108,6000,359,5,恒流恒压充电
3110,5999,364,5,恒流恒压充电
3112,6000,369,5,恒流恒压充电
3114,5999,374,5,恒流恒压充电
3116,6000,379,5,恒流恒压充电
3119,6000,384,5,恒流恒压充电
3121,6000,389,5,恒流恒压充电
3123,6000,394,5,恒流恒压充电
3126,6000,399,5,恒流恒压充电
3127,6000,404,5,恒流恒压充电
3130,6000,409,5,恒流恒压充电
3132,6000,414,5,恒流恒压充电
3134,6000,419,5,恒流恒压充电
3136,6000,424,5,恒流恒压充电
3138,6000,429,5,恒流恒压充电
3140,6000,434,5,恒流恒压充电
3142,6000,439,5,恒流恒压充电
3144,6000,444,5,恒流恒压充电
3146,6000,449,5,恒流恒压充电
3148,6000,454,5,恒流恒压充电
3150,5999,459,5,恒流恒压充电
3152,6000,464,5,恒流恒压充电
3154,6000,469,5,恒流恒压充电
3155,6000,474,5,恒流恒压充电
3157,5999,479,5,恒流恒压充电
3159,6000,484,5,恒流恒压充电
3161,6000,489,5,恒流恒压充电
3163,6000,494,5,恒流恒压充电
3164,5999,499,5,恒流恒压充电
3166,6000,504,5,恒流恒压充电
3168,5999,509,5,恒流恒压充电
3170,6000,514,5,恒流恒压充电
3172,5999,519,5,恒流恒压充电
3174,6000,524,5,恒流恒压充电
3175,6000,529,5,恒流恒压充电
3177,6000,534,5,恒流恒压充电
3178,6000,539,5,恒流恒压充电
3180,6000,544,5,恒流恒压充电
3182,6000,549,5,恒流恒压充电
3184,6000,554,5,恒流恒压充电
3185,6000,559,5,恒流恒压充电
3187,6000,564,5,恒流恒压充电
3188,6000,569,5,恒流恒压充电
3190,6000,574,5,恒流恒压充电
3191,6000,579,5,恒流恒压充电
3193,6000,584,5,恒流恒压充电
3194,6000,589,5,恒流恒压充电
3196,6000,594,5,恒流恒压充电
3197,6000,599,5,恒流恒压充电
3199,6000,604,5,恒流恒压充电
3200,6000,609,5,恒流恒压充电
3202,6000,614,5,恒流恒压充电
3203,6000,619,5,恒流恒压充电
3205,6000,624,5,恒流恒压充电
3206,6000,629,5,恒流恒压充电
3208,6000,634,5,恒流恒压充电
3209,6000,639,5,恒流恒压充电
3211,6000,644,5,恒流恒压充电
3212,6000,649,5,恒流恒压充电
3213,6000,654,5,恒流恒压充电
3215,6000,659,5,恒流恒压充电
3216,6000,664,5,恒流恒压充电
3217,6000,669,5,恒流恒压充电
3219,6000,674,5,恒流恒压充电
3220,6000,679,5,恒流恒压充电
3221,6000,684,5,恒流恒压充电
3222,6000,689,5,恒流恒压充电
3224,6000,694,5,恒流恒压充电
3225,6000,699,5,恒流恒压充电
3226,6000,704,5,恒流恒压充电
3228,6000,709,5,恒流恒压充电
3229,6000,714,5,恒流恒压充电
3230,6000,719,5,恒流恒压充电
3231,6000,724,5,恒流恒压充电
3232,6000,729,5,恒流恒压充电
3234,6000,734,5,恒流恒压充电
3235,6000,739,5,恒流恒压充电
3236,6000,744,5,恒流恒压充电
3237,6000,749,5,恒流恒压充电
3238,6000,754,5,恒流恒压充电
3239,6000,759,5,恒流恒压充电
3241,6000,764,5,恒流恒压充电
3242,6000,769,5,恒流恒压充电
3243,6000,774,5,恒流恒压充电
3244,6000,779,5,恒流恒压充电
3245,6000,784,5,恒流恒压充电
3246,6000,789,5,恒流恒压充电
3247,6000,794,5,恒流恒压充电
3248,6000,799,5,恒流恒压充电
3249,6000,804,5,恒流恒压充电
3250,6000,809,5,恒流恒压充电
3251,6000,814,5,恒流恒压充电
3252,6000,819,5,恒流恒压充电
3253,6000,824,5,恒流恒压充电
3254,6000,829,5,恒流恒压充电
3255,6000,834,5,恒流恒压充电
3255,6000,839,5,恒流恒压充电
3256,6000,844,5,恒流恒压充电
3257,6000,849,5,恒流恒压充电
3257,6000,854,5,恒流恒压充电
3258,6000,859,5,恒流恒压充电
3258,6000,864,5,恒流恒压充电
3259,6000,869,5,恒流恒压充电
3259,6000,874,5,恒流恒压充电
3260,6000,879,5,恒流恒压充电
3260,6000,884,5,恒流恒压充电
3261,6000,889,5,恒流恒压充电
3261,6000,899,5,恒流恒压充电
3262,6000,899,5,恒流恒压充电
3262,6000,904,5,恒流恒压充电
3262,6000,909,5,恒流恒压充电
3262,6000,914,5,恒流恒压充电
3263,6000,919,5,恒流恒压充电
3263,6000,924,5,恒流恒压充电
3263,6000,929,5,恒流恒压充电
3263,6000,934,5,恒流恒压充电
3264,6000,939,5,恒流恒压充电
3264,6000,944,5,恒流恒压充电
3264,6000,949,5,恒流恒压充电
3264,6000,954,5,恒流恒压充电
3264,6000,959,5,恒流恒压充电
3265,6000,964,5,恒流恒压充电
3265,6000,969,5,恒流恒压充电
3265,6000,974,5,恒流恒压充电
3265,6000,979,5,恒流恒压充电
3266,6000,984,5,恒流恒压充电
3266,6000,989,5,恒流恒压充电
3266,6000,994,5,恒流恒压充电
3266,6000,999,5,恒流恒压充电
3266,6000,1004,5,恒流恒压充电
3266,6000,1009,5,恒流恒压充电
3267,6000,1014,5,恒流恒压充电
3267,6000,1019,5,恒流恒压充电
3267,6000,1024,5,恒流恒压充电
3267,6000,1029,5,恒流恒压充电
3267,6000,1034,5,恒流恒压充电
3267,6000,1039,5,恒流恒压充电
3268,6000,1044,5,恒流恒压充电
3268,6000,1049,5,恒流恒压充电
3268,6000,1054,5,恒流恒压充电
3268,6000,1059,5,恒流恒压充电
3268,6000,1064,5,恒流恒压充电
3268,6000,1069,5,恒流恒压充电
3268,6000,1074,5,恒流恒压充电
3269,6000,1079,5,恒流恒压充电
3269,6000,1084,5,恒流恒压充电
3269,6000,1089,5,恒流恒压充电
3269,6000,1094,5,恒流恒压充电
3269,6000,1099,5,恒流恒压充电
3269,6000,1104,5,恒流恒压充电
3269,6000,1109,5,恒流恒压充电
3269,6000,1114,5,恒流恒压充电
3269,6000,1119,5,恒流恒压充电
3270,6000,1124,5,恒流恒压充电
3270,6000,1129,5,恒流恒压充电
3270,6000,1134,5,恒流恒压充电
3270,6000,1139,5,恒流恒压充电
3270,6000,1144,5,恒流恒压充电
3270,6000,1149,5,恒流恒压充电
3270,6000,1154,5,恒流恒压充电
3270,6000,1159,5,恒流恒压充电
3271,6000,1164,5,恒流恒压充电
3271,6000,1169,5,恒流恒压充电
3271,6000,1174,5,恒流恒压充电
3271,6000,1179,5,恒流恒压充电
3271,6000,1184,5,恒流恒压充电
3271,6000,1189,5,恒流恒压充电
3271,6000,1194,5,恒流恒压充电
3271,6000,1199,5,恒流恒压充电
3271,6000,1204,5,恒流恒压充电
3272,6000,1209,5,恒流恒压充电
3272,6000,1214,5,恒流恒压充电
3272,6000,1219,5,恒流恒压充电
3272,6000,1224,5,恒流恒压充电
3272,6000,1229,5,恒流恒压充电
3272,6000,1234,5,恒流恒压充电
3272,6000,1239,5,恒流恒压充电
3272,6000,1244,5,恒流恒压充电
3273,6000,1249,5,恒流恒压充电
3273,6000,1254,5,恒流恒压充电
3273,6000,1259,5,恒流恒压充电
3273,6000,1264,5,恒流恒压充电
3273,5999,1269,5,恒流恒压充电
3273,5999,1274,5,恒流恒压充电
3273,6000,1279,5,恒流恒压充电
3273,6000,1284,5,恒流恒压充电
3274,6000,1289,5,恒流恒压充电
3274,6000,1294,5,恒流恒压充电
3274,6000,1299,5,恒流恒压充电
3274,6000,1304,5,恒流恒压充电
3274,6000,1309,5,恒流恒压充电
3274,6000,1314,5,恒流恒压充电
3274,6000,1319,5,恒流恒压充电
3274,6000,1324,5,恒流恒压充电
3275,6000,1329,5,恒流恒压充电
3275,6000,1334,5,恒流恒压充电
3275,6000,1339,5,恒流恒压充电
3275,6000,1344,5,恒流恒压充电
3275,6000,1349,5,恒流恒压充电
3275,6000,1354,5,恒流恒压充电
3275,6000,1359,5,恒流恒压充电
3275,6000,1364,5,恒流恒压充电
3276,6000,1369,5,恒流恒压充电
3276,6000,1374,5,恒流恒压充电
3276,6000,1379,5,恒流恒压充电
3276,6000,1384,5,恒流恒压充电
3276,6000,1389,5,恒流恒压充电
3276,6000,1394,5,恒流恒压充电
3276,6000,1399,5,恒流恒压充电
3276,6000,1404,5,恒流恒压充电
3276,6000,1409,5,恒流恒压充电
3277,6000,1414,5,恒流恒压充电
3277,6000,1419,5,恒流恒压充电
3277,6000,1424,5,恒流恒压充电
3277,6000,1429,5,恒流恒压充电
3277,6000,1434,5,恒流恒压充电
3277,6000,1439,5,恒流恒压充电
3277,6000,1444,5,恒流恒压充电
3277,6000,1449,5,恒流恒压充电
3278,6000,1454,5,恒流恒压充电
3278,6000,1459,5,恒流恒压充电
3278,6000,1464,5,恒流恒压充电
3278,6000,1469,5,恒流恒压充电
3278,6000,1474,5,恒流恒压充电
3278,6000,1479,5,恒流恒压充电
3278,6000,1484,5,恒流恒压充电
3278,6000,1489,5,恒流恒压充电
3279,6000,1494,5,恒流恒压充电
3279,6000,1499,5,恒流恒压充电
3279,6000,1504,5,恒流恒压充电
3279,6000,1509,5,恒流恒压充电
3279,6000,1514,5,恒流恒压充电
3279,6000,1519,5,恒流恒压充电
3279,6000,1524,5,恒流恒压充电
3279,6000,1529,5,恒流恒压充电
3280,6000,1534,5,恒流恒压充电
3280,6000,1539,5,恒流恒压充电
3280,6000,1544,5,恒流恒压充电
3280,6000,1549,5,恒流恒压充电
3280,6000,1554,5,恒流恒压充电
3280,6000,1559,5,恒流恒压充电
3280,6000,1564,5,恒流恒压充电
3280,6000,1569,5,恒流恒压充电
3280,6000,1574,5,恒流恒压充电
3280,5977,1579,5,恒流恒压充电
3280,5977,1584,5,恒流恒压充电
3280,5975,1589,5,恒流恒压充电
3280,5974,1594,5,恒流恒压充电
3280,5974,1599,5,恒流恒压充电
3280,5971,1604,5,恒流恒压充电
3280,5969,1609,5,恒流恒压充电
3280,5967,1614,5,恒流恒压充电
3280,5964,1619,5,恒流恒压充电
3280,5963,1624,5,恒流恒压充电
3280,5962,1629,5,恒流恒压充电
3280,5957,1634,5,恒流恒压充电
3280,5956,1639,5,恒流恒压充电
3280,5956,1644,5,恒流恒压充电
3280,5954,1649,5,恒流恒压充电
3280,5951,1654,5,恒流恒压充电
3280,5951,1659,5,恒流恒压充电
3280,5947,1664,5,恒流恒压充电
3280,5948,1669,5,恒流恒压充电
3280,5944,1674,5,恒流恒压充电
3280,5942,1679,5,恒流恒压充电
3280,5941,1684,5,恒流恒压充电
3280,5939,1689,5,恒流恒压充电
3280,5937,1694,5,恒流恒压充电
3280,5936,1699,5,恒流恒压充电
3280,5934,1704,5,恒流恒压充电
3280,5931,1709,5,恒流恒压充电
3280,5930,1713,5,恒流恒压充电
3280,5928,1718,5,恒流恒压充电
3280,5926,1723,5,恒流恒压充电
3280,5925,1728,5,恒流恒压充电
3280,5922,1733,5,恒流恒压充电
3280,5921,1738,5,恒流恒压充电
3280,5920,1743,5,恒流恒压充电
3280,5919,1748,5,恒流恒压充电
3280,5916,1753,5,恒流恒压充电
3280,5915,1758,5,恒流恒压充电
3280,5912,1763,5,恒流恒压充电
3280,5911,1768,5,恒流恒压充电
3280,5909,1773,5,恒流恒压充电
3280,5907,1778,5,恒流恒压充电
3280,5905,1783,5,恒流恒压充电
3280,5905,1787,5,恒流恒压充电
3280,5901,1792,5,恒流恒压充电
3280,5900,1797,5,恒流恒压充电
3280,4987,1802,5,恒流恒压充电
3280,4959,1807,5,恒流恒压充电
3280,4964,1811,5,恒流恒压充电
3280,4932,1815,5,恒流恒压充电
3280,4891,1819,5,恒流恒压充电
3280,4898,1823,5,恒流恒压充电
3280,4871,1827,5,恒流恒压充电
3280,4864,1831,5,恒流恒压充电
3280,4845,1835,5,恒流恒压充电
3280,4841,1839,5,恒流恒压充电
3280,4824,1844,5,恒流恒压充电
3280,4784,1848,5,恒流恒压充电
3280,4775,1852,5,恒流恒压充电
3280,4770,1856,5,恒流恒压充电
3280,4760,1860,5,恒流恒压充电
3280,4720,1863,5,恒流恒压充电
3280,4708,1867,5,恒流恒压充电
3280,4689,1871,5,恒流恒压充电
3280,4669,1875,5,恒流恒压充电
3280,4656,1879,5,恒流恒压充电
3280,4641,1883,5,恒流恒压充电
3280,4624,1887,5,恒流恒压充电
3280,4601,1891,5,恒流恒压充电
3280,4579,1895,5,恒流恒压充电
3280,4556,1898,5,恒流恒压充电
3280,4542,1902,5,恒流恒压充电
3280,4514,1906,5,恒流恒压充电
3280,4525,1910,5,恒流恒压充电
3280,4500,1914,5,恒流恒压充电
3280,4481,1917,5,恒流恒压充电
3280,4450,1921,5,恒流恒压充电
3280,4438,1925,5,恒流恒压充电
3280,4418,1928,5,恒流恒压充电
3280,4414,1932,5,恒流恒压充电
3280,4380,1936,5,恒流恒压充电
3280,4358,1939,5,恒流恒压充电
3280,4353,1943,5,恒流恒压充电
3280,4340,1947,5,恒流恒压充电
3280,4318,1950,5,恒流恒压充电
3280,4294,1954,5,恒流恒压充电
3280,4276,1957,5,恒流恒压充电
3280,4271,1961,5,恒流恒压充电
3280,4237,1965,5,恒流恒压充电
3280,4224,1968,5,恒流恒压充电
3280,4198,1972,5,恒流恒压充电
3280,4180,1975,5,恒流恒压充电
3280,4167,1979,5,恒流恒压充电
3280,4139,1982,5,恒流恒压充电
3280,4133,1986,5,恒流恒压充电
3280,4096,1989,5,恒流恒压充电
3280,4080,1992,5,恒流恒压充电
3280,4059,1996,5,恒流恒压充电
3280,4058,1999,5,恒流恒压充电
3280,4015,2003,5,恒流恒压充电
3280,3995,2006,5,恒流恒压充电
3280,3989,2009,5,恒流恒压充电
3280,3975,2013,5,恒流恒压充电
3280,3951,2016,5,恒流恒压充电
3280,3934,2019,5,恒流恒压充电
3279,3890,2022,5,恒流恒压充电
3280,3891,2026,5,恒流恒压充电
3280,3875,2029,5,恒流恒压充电
3280,3842,2032,5,恒流恒压充电
3280,3829,2035,5,恒流恒压充电
3279,3822,2039,5,恒流恒压充电
3280,3796,2042,5,恒流恒压充电
3279,3770,2045,5,恒流恒压充电
3279,3749,2048,5,恒流恒压充电
3279,3741,2051,5,恒流恒压充电
3279,3728,2054,5,恒流恒压充电
3279,3714,2057,5,恒流恒压充电
3279,3687,2060,5,恒流恒压充电
3279,3658,2064,5,恒流恒压充电
3279,3661,2067,5,恒流恒压充电
3279,3637,2070,5,恒流恒压充电
3279,3619,2073,5,恒流恒压充电
3279,3591,2076,5,恒流恒压充电
3279,3585,2079,5,恒流恒压充电
3279,3573,2082,5,恒流恒压充电
3279,3559,2085,5,恒流恒压充电
3279,3540,2088,5,恒流恒压充电
3279,3531,2091,5,恒流恒压充电
3279,3501,2093,5,恒流恒压充电
3279,3485,2096,5,恒流恒压充电
3278,3483,2099,5,恒流恒压充电
3279,3469,2102,5,恒流恒压充电
3279,3454,2105,5,恒流恒压充电
3279,3431,2108,5,恒流恒压充电
3279,3417,2111,5,恒流恒压充电
3279,3396,2114,5,恒流恒压充电
3279,3389,2116,5,恒流恒压充电
3279,3365,2119,5,恒流恒压充电
3279,3355,2122,5,恒流恒压充电
3279,3334,2125,5,恒流恒压充电
3279,3312,2128,5,恒流恒压充电
3279,3308,2130,5,恒流恒压充电
3279,3282,2133,5,恒流恒压充电
3279,3281,2136,5,恒流恒压充电
3279,3274,2139,5,恒流恒压充电
3279,3258,2141,5,恒流恒压充电
3279,3236,2144,5,恒流恒压充电
3279,3230,2147,5,恒流恒压充电
3279,3203,2150,5,恒流恒压充电
3279,3190,2152,5,恒流恒压充电
3279,3204,2155,5,恒流恒压充电
3279,3164,2157,5,恒流恒压充电
3279,3175,2160,5,恒流恒压充电
3279,3145,2163,5,恒流恒压充电
3279,3140,2165,5,恒流恒压充电
3279,3113,2168,5,恒流恒压充电
3279,3105,2171,5,恒流恒压充电
3279,3098,2173,5,恒流恒压充电
3279,3088,2176,5,恒流恒压充电
3280,3061,2178,5,恒流恒压充电
3280,3046,2181,5,恒流恒压充电
3280,3050,2183,5,恒流恒压充电
3280,3030,2186,5,恒流恒压充电
3280,3021,2189,5,恒流恒压充电
3280,3007,2191,5,恒流恒压充电
3280,2994,2194,5,恒流恒压充电
3280,2988,2196,5,恒流恒压充电
3280,2976,2199,5,恒流恒压充电
3280,2959,2201,5,恒流恒压充电
3280,2958,2203,5,恒流恒压充电
3280,2928,2206,5,恒流恒压充电
3280,2925,2208,5,恒流恒压充电
3280,2912,2211,5,恒流恒压充电
3280,2909,2213,5,恒流恒压充电
3280,2892,2216,5,恒流恒压充电
3280,2879,2218,5,恒流恒压充电
3280,2865,2220,5,恒流恒压充电
3280,2845,2223,5,恒流恒压充电
3280,2841,2225,5,恒流恒压充电
3280,2838,2228,5,恒流恒压充电
3280,2820,2230,5,恒流恒压充电
3280,2802,2232,5,恒流恒压充电
3280,2794,2235,5,恒流恒压充电
3280,2772,2237,5,恒流恒压充电
3280,2775,2239,5,恒流恒压充电
3280,2761,2242,5,恒流恒压充电
3280,2751,2244,5,恒流恒压充电
3280,2735,2246,5,恒流恒压充电
3280,2736,2248,5,恒流恒压充电
3280,2717,2251,5,恒流恒压充电
3280,2714,2253,5,恒流恒压充电
3280,2671,2255,5,恒流恒压充电
3280,2679,2257,5,恒流恒压充电
3280,2660,2260,5,恒流恒压充电
3280,2653,2262,5,恒流恒压充电
3280,2637,2264,5,恒流恒压充电
3280,2634,2266,5,恒流恒压充电
3280,2614,2268,5,恒流恒压充电
3280,2606,2271,5,恒流恒压充电
3280,2609,2273,5,恒流恒压充电
3280,2590,2275,5,恒流恒压充电
3280,2577,2277,5,恒流恒压充电
3280,2563,2279,5,恒流恒压充电
3280,2565,2281,5,恒流恒压充电
3280,2528,2284,5,恒流恒压充电
3280,2530,2286,5,恒流恒压充电
3280,2524,2288,5,恒流恒压充电
3280,2518,2290,5,恒流恒压充电
3280,2519,2292,5,恒流恒压充电
3280,2475,2294,5,恒流恒压充电
3280,2477,2296,5,恒流恒压充电
3280,2472,2298,5,恒流恒压充电
3280,2457,2300,5,恒流恒压充电
3280,2434,2302,5,恒流恒压充电
3280,2458,2304,5,恒流恒压充电
3280,2424,2306,5,恒流恒压充电
3280,2424,2308,5,恒流恒压充电
3280,2419,2310,5,恒流恒压充电
3280,2387,2312,5,恒流恒压充电
3280,2390,2314,5,恒流恒压充电
3280,2385,2316,5,恒流恒压充电
3280,2378,2318,5,恒流恒压充电
3280,2354,2320,5,恒流恒压充电
3280,2370,2322,5,恒流恒压充电
3280,2349,2324,5,恒流恒压充电
3280,2337,2326,5,恒流恒压充电
3280,2323,2328,5,恒流恒压充电
3280,2303,2330,5,恒流恒压充电
3280,2298,2332,5,恒流恒压充电
3280,2288,2334,5,恒流恒压充电
3280,2284,2336,5,恒流恒压充电
3280,2271,2338,5,恒流恒压充电
3280,2254,2340,5,恒流恒压充电
3280,2259,2342,5,恒流恒压充电
3280,2234,2343,5,恒流恒压充电
3280,2219,2345,5,恒流恒压充电
3280,2222,2347,5,恒流恒压充电
3280,2214,2349,5,恒流恒压充电
3280,2207,2351,5,恒流恒压充电
3280,2191,2353,5,恒流恒压充电
3280,2179,2354,5,恒流恒压充电
3280,2180,2356,5,恒流恒压充电
3280,2165,2358,5,恒流恒压充电
3280,2131,2360,5,恒流恒压充电
3280,2146,2362,5,恒流恒压充电
3280,2135,2363,5,恒流恒压充电
3280,2115,2365,5,恒流恒压充电
3280,2101,2367,5,恒流恒压充电
3280,2104,2369,5,恒流恒压充电
3280,2094,2371,5,恒流恒压充电
3280,2101,2372,5,恒流恒压充电
3280,2097,2374,5,恒流恒压充电
3280,2101,2376,5,恒流恒压充电
3280,2067,2377,5,恒流恒压充电
3280,2064,2379,5,恒流恒压充电
3280,2055,2381,5,恒流恒压充电
3280,2034,2383,5,恒流恒压充电
3280,2027,2384,5,恒流恒压充电
3280,2018,2386,5,恒流恒压充电
3280,2014,2388,5,恒流恒压充电
3280,2001,2389,5,恒流恒压充电
3280,1996,2391,5,恒流恒压充电
3280,1993,2393,5,恒流恒压充电
3280,1968,2394,5,恒流恒压充电
3280,1979,2396,5,恒流恒压充电
3280,1956,2398,5,恒流恒压充电
3280,1956,2399,5,恒流恒压充电
3280,1941,2401,5,恒流恒压充电
3280,1945,2403,5,恒流恒压充电
3280,1914,2404,5,恒流恒压充电
3280,1918,2406,5,恒流恒压充电
3280,1905,2407,5,恒流恒压充电
3280,1909,2409,5,恒流恒压充电
3280,1892,2410,5,恒流恒压充电
3280,1891,2412,5,恒流恒压充电
3280,1886,2414,5,恒流恒压充电
3280,1861,2415,5,恒流恒压充电
3280,1867,2417,5,恒流恒压充电
3280,1859,2417,5,恒流恒压充电
3280,1833,2418,5,恒流恒压充电
3280,1841,2420,5,恒流恒压充电
3280,1836,2421,5,恒流恒压充电
3280,1817,2423,5,恒流恒压充电
3280,1801,2424,5,恒流恒压充电
3280,1805,2426,5,恒流恒压充电
3280,1783,2427,5,恒流恒压充电
3280,1764,2429,5,恒流恒压充电
3280,1786,2430,5,恒流恒压充电
3280,1772,2432,5,恒流恒压充电
3280,1751,2433,5,恒流恒压充电
3280,1762,2435,5,恒流恒压充电
3280,1745,2436,5,恒流恒压充电
3280,1730,2438,5,恒流恒压充电
3280,1736,2439,5,恒流恒压充电
3280,1724,2441,5,恒流恒压充电
3280,1718,2442,5,恒流恒压充电
3280,1714,2443,5,恒流恒压充电
3280,1703,2445,5,恒流恒压充电
3280,1684,2446,5,恒流恒压充电
3280,1689,2448,5,恒流恒压充电
3280,1677,2449,5,恒流恒压充电
3280,1684,2451,5,恒流恒压充电
3280,1684,2452,5,恒流恒压充电
3280,1652,2453,5,恒流恒压充电
3280,1660,2455,5,恒流恒压充电
3280,1662,2456,5,恒流恒压充电
3280,1641,2457,5,恒流恒压充电
3280,1642,2459,5,恒流恒压充电
3280,1629,2460,5,恒流恒压充电
3280,1604,2462,5,恒流恒压充电
3280,1601,2463,5,恒流恒压充电
3280,1598,2464,5,恒流恒压充电
3280,1613,2466,5,恒流恒压充电
3280,1612,2467,5,恒流恒压充电
3280,1598,2468,5,恒流恒压充电
3280,1600,2470,5,恒流恒压充电
3280,1552,2471,5,恒流恒压充电
3280,1554,2472,5,恒流恒压充电
3280,1571,2474,5,恒流恒压充电
3280,1562,2475,5,恒流恒压充电
3280,1575,2476,5,恒流恒压充电
3280,1559,2477,5,恒流恒压充电
3280,1557,2479,5,恒流恒压充电
3280,1533,2480,5,恒流恒压充电
3280,1528,2481,5,恒流恒压充电
3280,1520,2483,5,恒流恒压充电
3280,1515,2484,5,恒流恒压充电
3280,1490,2485,5,恒流恒压充电
3280,1510,2486,5,恒流恒压充电
3280,1504,2488,5,恒流恒压充电
3280,1488,2489,5,恒流恒压充电
3280,1497,2490,5,恒流恒压充电
3280,1472,2491,5,恒流恒压充电
3280,1475,2493,5,恒流恒压充电
3280,1466,2494,5,恒流恒压充电
3280,1456,2495,5,恒流恒压充电
3280,1472,2496,5,恒流恒压充电
3280,1459,2497,5,恒流恒压充电
3280,1440,2499,5,恒流恒压充电
3280,1448,2500,5,恒流恒压充电
3280,1449,2501,5,恒流恒压充电
3280,1424,2502,5,恒流恒压充电
3280,1443,2504,5,恒流恒压充电
3280,1423,2505,5,恒流恒压充电
3280,1413,2506,5,恒流恒压充电
3280,1409,2507,5,恒流恒压充电
3280,1406,2508,5,恒流恒压充电
3280,1415,2509,5,恒流恒压充电
3280,1393,2511,5,恒流恒压充电
3280,1385,2512,5,恒流恒压充电
3280,1401,2513,5,恒流恒压充电
3280,1377,2514,5,恒流恒压充电
3280,1377,2515,5,恒流恒压充电
3280,1376,2516,5,恒流恒压充电
3280,1366,2518,5,恒流恒压充电
3280,1360,2519,5,恒流恒压充电
3280,1357,2520,5,恒流恒压充电
3280,1345,2521,5,恒流恒压充电
3280,1353,2522,5,恒流恒压充电
3280,1327,2523,5,恒流恒压充电
3280,1331,2524,5,恒流恒压充电
3280,1340,2525,5,恒流恒压充电
3280,1324,2527,5,恒流恒压充电
3280,1338,2528,5,恒流恒压充电
3280,1310,2529,5,恒流恒压充电
3280,1313,2530,5,恒流恒压充电
3280,1310,2531,5,恒流恒压充电
3280,1304,2532,5,恒流恒压充电
3280,1314,2533,5,恒流恒压充电
3280,1283,2534,5,恒流恒压充电
3280,1288,2535,5,恒流恒压充电
3280,1293,2536,5,恒流恒压充电
3280,1285,2537,5,恒流恒压充电
3280,1265,2538,5,恒流恒压充电
3280,1271,2540,5,恒流恒压充电
3280,1265,2541,5,恒流恒压充电
3280,1258,2542,5,恒流恒压充电
3280,1248,2543,5,恒流恒压充电
3280,1247,2544,5,恒流恒压充电
3280,1242,2545,5,恒流恒压充电
3280,1236,2546,5,恒流恒压充电
3280,1234,2547,5,恒流恒压充电
3280,1222,2548,5,恒流恒压充电
3280,1229,2549,5,恒流恒压充电
3280,1236,2550,5,恒流恒压充电
3280,1226,2551,5,恒流恒压充电
3280,1218,2552,5,恒流恒压充电
3280,1215,2553,5,恒流恒压充电
3280,1212,2554,5,恒流恒压充电
3280,1197,2555,5,恒流恒压充电
3280,1186,2556,5,恒流恒压充电
3280,1188,2557,5,恒流恒压充电
3280,1196,2558,5,恒流恒压充电
3280,1187,2559,5,恒流恒压充电
3280,1179,2560,5,恒流恒压充电
3280,1161,2561,5,恒流恒压充电
3280,1171,2562,5,恒流恒压充电
3280,1159,2563,5,恒流恒压充电
3280,1163,2564,5,恒流恒压充电
3280,1165,2565,5,恒流恒压充电
3280,1153,2566,5,恒流恒压充电
3280,1122,2567,5,恒流恒压充电
3280,1137,2568,5,恒流恒压充电
3280,1125,2569,5,恒流恒压充电
3280,1141,2570,5,恒流恒压充电
3280,1130,2570,5,恒流恒压充电
3280,1130,2571,5,恒流恒压充电
3280,1123,2572,5,恒流恒压充电
3280,1120,2573,5,恒流恒压充电
3280,1112,2574,5,恒流恒压充电
3280,1100,2575,5,恒流恒压充电
3280,1116,2576,5,恒流恒压充电
3280,1099,2577,5,恒流恒压充电
3280,1074,2578,5,恒流恒压充电
3280,1099,2579,5,恒流恒压充电
3280,1095,2580,5,恒流恒压充电
3280,1078,2581,5,恒流恒压充电
3280,1081,2582,5,恒流恒压充电
3280,1074,2582,5,恒流恒压充电
3280,1088,2583,5,恒流恒压充电
3280,1059,2584,5,恒流恒压充电
3280,1065,2585,5,恒流恒压充电
3280,1068,2586,5,恒流恒压充电
3280,1069,2587,5,恒流恒压充电
3280,1061,2588,5,恒流恒压充电
3280,1054,2589,5,恒流恒压充电
3280,1051,2590,5,恒流恒压充电
3280,1029,2590,5,恒流恒压充电
3280,1050,2591,5,恒流恒压充电
3280,1051,2592,5,恒流恒压充电
3280,1026,2593,5,恒流恒压充电
3280,1029,2594,5,恒流恒压充电
3280,1011,2595,5,恒流恒压充电
3280,996,2596,5,恒流恒压充电
3280,1005,2596,5,恒流恒压充电
3280,1018,2597,5,恒流恒压充电
3280,1018,2598,5,恒流恒压充电
3280,1001,2599,5,恒流恒压充电
3280,1007,2600,5,恒流恒压充电
3280,1010,2601,5,恒流恒压充电
3280,1001,2601,5,恒流恒压充电
3280,1004,2602,5,恒流恒压充电
3280,982,2603,5,恒流恒压充电
3280,990,2604,5,恒流恒压充电
3280,982,2605,5,恒流恒压充电
3280,990,2606,5,恒流恒压充电
3280,984,2606,5,恒流恒压充电
3280,979,2607,5,恒流恒压充电
3280,963,2608,5,恒流恒压充电
3280,960,2609,5,恒流恒压充电
3280,971,2610,5,恒流恒压充电
3280,954,2610,5,恒流恒压充电
3280,956,2611,5,恒流恒压充电
3280,963,2612,5,恒流恒压充电
3280,947,2613,5,恒流恒压充电
3280,926,2614,5,恒流恒压充电
3280,945,2614,5,恒流恒压充电
3280,941,2615,5,恒流恒压充电
3280,953,2616,5,恒流恒压充电
3280,955,2617,5,恒流恒压充电
3280,931,2618,5,恒流恒压充电
3280,929,2618,5,恒流恒压充电
3280,935,2619,5,恒流恒压充电
3280,918,2620,5,恒流恒压充电
3280,930,2621,5,恒流恒压充电
3280,921,2621,5,恒流恒压充电
3280,913,2622,5,恒流恒压充电
3280,899,2623,5,恒流恒压充电
3280,906,2624,5,恒流恒压充电
3280,917,2624,5,恒流恒压充电
3280,912,2625,5,恒流恒压充电
3280,884,2626,5,恒流恒压充电
3280,898,2627,5,恒流恒压充电
3280,901,2627,5,恒流恒压充电
3280,893,2628,5,恒流恒压充电
3280,900,2629,5,恒流恒压充电
3280,884,2630,5,恒流恒压充电
3280,891,2630,5,恒流恒压充电
3280,887,2631,5,恒流恒压充电
3280,877,2632,5,恒流恒压充电
3280,868,2633,5,恒流恒压充电
3280,881,2633,5,恒流恒压充电
3280,883,2634,5,恒流恒压充电
3280,869,2635,5,恒流恒压充电
3280,858,2635,5,恒流恒压充电
3280,857,2636,5,恒流恒压充电
3280,866,2637,5,恒流恒压充电
3280,854,2638,5,恒流恒压充电
3280,856,2638,5,恒流恒压充电
3280,851,2639,5,恒流恒压充电
3280,851,2640,5,恒流恒压充电
3280,847,2640,5,恒流恒压充电
3280,841,2641,5,恒流恒压充电
3280,843,2642,5,恒流恒压充电
3280,834,2643,5,恒流恒压充电
3280,837,2643,5,恒流恒压充电
3280,829,2644,5,恒流恒压充电
3280,838,2645,5,恒流恒压充电
3280,806,2645,5,恒流恒压充电
3280,831,2646,5,恒流恒压充电
3280,832,2647,5,恒流恒压充电
3280,821,2647,5,恒流恒压充电
3280,822,2648,5,恒流恒压充电
3280,823,2649,5,恒流恒压充电
3280,817,2649,5,恒流恒压充电
3280,808,2650,5,恒流恒压充电
3280,809,2651,5,恒流恒压充电
3280,799,2652,5,恒流恒压充电
3280,812,2652,5,恒流恒压充电
3280,813,2653,5,恒流恒压充电
3280,804,2654,5,恒流恒压充电
3280,799,2654,5,恒流恒压充电
3280,798,2655,5,恒流恒压充电
3280,790,2655,5,恒流恒压充电
3280,805,2656,5,恒流恒压充电
3280,798,2657,5,恒流恒压充电
3280,783,2657,5,恒流恒压充电
3280,786,2658,5,恒流恒压充电
3280,781,2659,5,恒流恒压充电
3280,787,2659,5,恒流恒压充电
3280,782,2660,5,恒流恒压充电
3280,781,2661,5,恒流恒压充电
3280,774,2661,5,恒流恒压充电
3280,776,2662,5,恒流恒压充电
3280,761,2663,5,恒流恒压充电
3280,774,2663,5,恒流恒压充电
3280,776,2664,5,恒流恒压充电
3280,770,2665,5,恒流恒压充电
3280,767,2665,5,恒流恒压充电
3280,758,2666,5,恒流恒压充电
3280,754,2667,5,恒流恒压充电
3280,750,2667,5,恒流恒压充电
3280,754,2668,5,恒流恒压充电
3280,759,2668,5,恒流恒压充电
3280,751,2669,5,恒流恒压充电
3280,754,2670,5,恒流恒压充电
3280,749,2670,5,恒流恒压充电
3280,734,2671,5,恒流恒压充电
3280,749,2672,5,恒流恒压充电
3280,745,2672,5,恒流恒压充电
3280,740,2673,5,恒流恒压充电
3280,736,2673,5,恒流恒压充电
3280,729,2674,5,恒流恒压充电
3280,734,2675,5,恒流恒压充电
3280,725,2675,5,恒流恒压充电
3280,728,2676,5,恒流恒压充电
3280,727,2676,5,恒流恒压充电
3280,730,2677,5,恒流恒压充电
3280,725,2678,5,恒流恒压充电
3280,724,2678,5,恒流恒压充电
3280,723,2679,5,恒流恒压充电
3280,699,2679,5,恒流恒压充电
3280,710,2680,5,恒流恒压充电
3280,713,2681,5,恒流恒压充电
3280,712,2681,5,恒流恒压充电
3280,714,2682,5,恒流恒压充电
3280,712,2682,5,恒流恒压充电
3280,698,2683,5,恒流恒压充电
3280,706,2684,5,恒流恒压充电
3280,698,2684,5,恒流恒压充电
3280,699,2685,5,恒流恒压充电
3280,693,2685,5,恒流恒压充电
3280,711,2686,5,恒流恒压充电
3280,698,2686,5,恒流恒压充电
3280,698,2687,5,恒流恒压充电
3280,699,2688,5,恒流恒压充电
3280,681,2688,5,恒流恒压充电
3280,690,2689,5,恒流恒压充电
3280,692,2689,5,恒流恒压充电
3280,683,2690,5,恒流恒压充电
3280,687,2690,5,恒流恒压充电
3280,663,2691,5,恒流恒压充电
3280,673,2692,5,恒流恒压充电
3280,668,2692,5,恒流恒压充电
3280,670,2693,5,恒流恒压充电
3280,680,2693,5,恒流恒压充电
3280,664,2694,5,恒流恒压充电
3280,661,2694,5,恒流恒压充电
3280,660,2695,5,恒流恒压充电
3280,659,2695,5,恒流恒压充电
3280,657,2696,5,恒流恒压充电
3280,660,2697,5,恒流恒压充电
3280,655,2697,5,恒流恒压充电
3280,656,2698,5,恒流恒压充电
3280,660,2698,5,恒流恒压充电
3280,647,2699,5,恒流恒压充电
3280,641,2699,5,恒流恒压充电
3280,645,2700,5,恒流恒压充电
3280,657,2700,5,恒流恒压充电
3280,646,2701,5,恒流恒压充电
3280,644,2701,5,恒流恒压充电
3280,654,2702,5,恒流恒压充电
3280,644,2702,5,恒流恒压充电
3280,643,2703,5,恒流恒压充电
3280,642,2704,5,恒流恒压充电
3280,643,2704,5,恒流恒压充电
3280,613,2705,5,恒流恒压充电
3280,635,2705,5,恒流恒压充电
3280,640,2706,5,恒流恒压充电
3280,626,2706,5,恒流恒压充电
3280,627,2707,5,恒流恒压充电
3280,623,2707,5,恒流恒压充电
3280,622,2708,5,恒流恒压充电
3280,620,2708,5,恒流恒压充电
3280,616,2709,5,恒流恒压充电
3280,627,2709,5,恒流恒压充电
3280,616,2710,5,恒流恒压充电
3280,592,2710,5,恒流恒压充电
3280,609,2711,5,恒流恒压充电
3280,612,2711,5,恒流恒压充电
3280,607,2712,5,恒流恒压充电
3280,603,2712,5,恒流恒压充电
3280,593,2713,5,恒流恒压充电
3280,610,2713,5,恒流恒压充电
3280,602,2714,5,恒流恒压充电
3280,611,2714,5,恒流恒压充电
3280,596,2715,5,恒流恒压充电
3280,610,2715,5,恒流恒压充电
3280,594,2716,5,恒流恒压充电
3280,603,2716,5,恒流恒压充电
3280,596,2717,5,恒流恒压充电
3280,584,2717,5,恒流恒压充电
3280,583,2718,5,恒流恒压充电
3280,590,2718,5,恒流恒压充电
3280,592,2719,5,恒流恒压充电
3280,580,2719,5,恒流恒压充电
3280,589,2720,5,恒流恒压充电
3280,576,2720,5,恒流恒压充电
3280,588,2721,5,恒流恒压充电
3280,588,2721,5,恒流恒压充电
3280,578,2722,5,恒流恒压充电
3280,569,2722,5,恒流恒压充电
3280,572,2723,5,恒流恒压充电
3280,580,2723,5,恒流恒压充电
3280,568,2724,5,恒流恒压充电
3280,576,2724,5,恒流恒压充电
3280,566,2725,5,恒流恒压充电
3280,574,2725,5,恒流恒压充电
3280,574,2726,5,恒流恒压充电
3280,568,2726,5,恒流恒压充电
3280,569,2727,5,恒流恒压充电
3280,557,2727,5,恒流恒压充电
3280,561,2727,5,恒流恒压充电
3280,566,2728,5,恒流恒压充电
3280,557,2728,5,恒流恒压充电
3280,550,2729,5,恒流恒压充电
3280,560,2729,5,恒流恒压充电
3280,552,2730,5,恒流恒压充电
3280,559,2730,5,恒流恒压充电
3280,537,2731,5,恒流恒压充电
3280,554,2731,5,恒流恒压充电
3280,540,2732,5,恒流恒压充电
3280,560,2732,5,恒流恒压充电
3280,536,2733,5,恒流恒压充电
3280,540,2733,5,恒流恒压充电
3280,533,2733,5,恒流恒压充电
3280,530,2734,5,恒流恒压充电
3280,542,2734,5,恒流恒压充电
3280,545,2735,5,恒流恒压充电
3280,529,2735,5,恒流恒压充电
3280,533,2736,5,恒流恒压充电
3280,535,2736,5,恒流恒压充电
3280,531,2737,5,恒流恒压充电
3280,529,2737,5,恒流恒压充电
3280,539,2737,5,恒流恒压充电
3280,532,2738,5,恒流恒压充电
3280,522,2738,5,恒流恒压充电
3280,513,2739,5,恒流恒压充电
3280,523,2739,5,恒流恒压充电
3280,516,2740,5,恒流恒压充电
3280,512,2740,5,恒流恒压充电
3280,536,2741,5,恒流恒压充电
3280,535,2741,5,恒流恒压充电
3280,519,2741,5,恒流恒压充电
3280,518,2742,5,恒流恒压充电
3280,509,2742,5,恒流恒压充电
3280,525,2743,5,恒流恒压充电
3280,509,2743,5,恒流恒压充电
3280,521,2744,5,恒流恒压充电
3280,509,2744,5,恒流恒压充电
3280,514,2744,5,恒流恒压充电
3280,506,2745,5,恒流恒压充电
3280,499,2745,5,恒流恒压充电
3280,503,2746,5,恒流恒压充电
3280,509,2746,5,恒流恒压充电
3280,490,2746,5,恒流恒压充电
3280,501,2747,5,恒流恒压充电
3280,487,2747,5,恒流恒压充电
3280,503,2748,5,恒流恒压充电
3280,482,2748,5,恒流恒压充电
3280,505,2749,5,恒流恒压充电
3280,500,2749,5,恒流恒压充电
3280,499,2749,5,恒流恒压充电
3280,490,2750,5,恒流恒压充电
3280,492,2750,5,恒流恒压充电
3280,497,2751,5,恒流恒压充电
3280,504,2751,5,恒流恒压充电
3280,495,2751,5,恒流恒压充电
3280,488,2752,5,恒流恒压充电
3280,490,2752,5,恒流恒压充电
3280,482,2753,5,恒流恒压充电
3280,480,2753,5,恒流恒压充电
3280,467,2753,5,恒流恒压充电
3280,486,2754,5,恒流恒压充电
3280,472,2754,5,恒流恒压充电
3280,483,2755,5,恒流恒压充电
3280,473,2755,5,恒流恒压充电
3280,471,2755,5,恒流恒压充电
3280,475,2756,5,恒流恒压充电
3280,483,2756,5,恒流恒压充电
3280,470,2757,5,恒流恒压充电
3280,471,2757,5,恒流恒压充电
3280,472,2757,5,恒流恒压充电
3280,456,2758,5,恒流恒压充电
3280,461,2758,5,恒流恒压充电
3280,458,2759,5,恒流恒压充电
3280,471,2759,5,恒流恒压充电
3280,471,2759,5,恒流恒压充电
3280,454,2760,5,恒流恒压充电
3280,462,2760,5,恒流恒压充电
3280,460,2760,5,恒流恒压充电
3280,457,2761,5,恒流恒压充电
3280,465,2761,5,恒流恒压充电
3280,463,2762,5,恒流恒压充电
3280,449,2762,5,恒流恒压充电
3280,458,2762,5,恒流恒压充电
3280,462,2763,5,恒流恒压充电
3280,451,2763,5,恒流恒压充电
3280,447,2764,5,恒流恒压充电
3280,450,2764,5,恒流恒压充电
3280,461,2764,5,恒流恒压充电
3280,447,2765,5,恒流恒压充电
3280,459,2765,5,恒流恒压充电
3280,448,2765,5,恒流恒压充电
3280,451,2766,5,恒流恒压充电
3280,443,2766,5,恒流恒压充电
3280,451,2767,5,恒流恒压充电
3280,449,2767,5,恒流恒压充电
3280,445,2767,5,恒流恒压充电
3280,453,2768,5,恒流恒压充电
3280,451,2768,5,恒流恒压充电
3280,437,2768,5,恒流恒压充电
3280,436,2769,5,恒流恒压充电
3280,434,2769,5,恒流恒压充电
3280,448,2770,5,恒流恒压充电
3280,439,2770,5,恒流恒压充电
3280,426,2770,5,恒流恒压充电
3280,428,2771,5,恒流恒压充电
3280,432,2771,5,恒流恒压充电
3280,441,2771,5,恒流恒压充电
3280,433,2772,5,恒流恒压充电
3280,428,2772,5,恒流恒压充电
3280,432,2772,5,恒流恒压充电
3280,419,2773,5,恒流恒压充电
3280,430,2773,5,恒流恒压充电
3280,425,2773,5,恒流恒压充电
3280,423,2774,5,恒流恒压充电
3280,422,2774,5,恒流恒压充电
3280,415,2775,5,恒流恒压充电
3280,420,2775,5,恒流恒压充电
3280,420,2775,5,恒流恒压充电
3280,427,2776,5,恒流恒压充电
3280,420,2776,5,恒流恒压充电
3280,418,2776,5,恒流恒压充电
3280,416,2777,5,恒流恒压充电
3280,405,2777,5,恒流恒压充电
3280,424,2777,5,恒流恒压充电
3280,409,2778,5,恒流恒压充电
3280,423,2778,5,恒流恒压充电
3280,416,2778,5,恒流恒压充电
3280,415,2779,5,恒流恒压充电
3280,420,2779,5,恒流恒压充电
3280,418,2779,5,恒流恒压充电
3280,414,2780,5,恒流恒压充电
3280,412,2780,5,恒流恒压充电
3280,410,2780,5,恒流恒压充电
3280,408,2781,5,恒流恒压充电
3280,412,2781,5,恒流恒压充电
3280,405,2781,5,恒流恒压充电
3280,409,2782,5,恒流恒压充电
3280,404,2782,5,恒流恒压充电
3280,401,2782,5,恒流恒压充电
3280,404,2783,5,恒流恒压充电
3280,404,2783,5,恒流恒压充电
3280,393,2783,5,恒流恒压充电
3280,385,2784,5,恒流恒压充电
3280,392,2784,5,恒流恒压充电
3280,393,2784,5,恒流恒压充电
3280,386,2785,5,恒流恒压充电
3280,399,2785,5,恒流恒压充电
3280,398,2785,5,恒流恒压充电
3280,383,2786,5,恒流恒压充电
3280,399,2786,5,恒流恒压充电
3280,397,2786,5,恒流恒压充电
3280,378,2787,5,恒流恒压充电
3280,396,2787,5,恒流恒压充电
3280,392,2787,5,恒流恒压充电
3280,406,2788,5,恒流恒压充电
3280,384,2788,5,恒流恒压充电
3280,380,2788,5,恒流恒压充电
3280,384,2789,5,恒流恒压充电
3280,387,2789,5,恒流恒压充电
3280,385,2789,5,恒流恒压充电
3280,385,2790,5,恒流恒压充电
3280,398,2790,5,恒流恒压充电
3280,396,2790,5,恒流恒压充电
3280,383,2791,5,恒流恒压充电
3280,380,2791,5,恒流恒压充电
3280,373,2791,5,恒流恒压充电
3280,386,2791,5,恒流恒压充电
3280,376,2792,5,恒流恒压充电
3280,372,2792,5,恒流恒压充电
3280,390,2792,5,恒流恒压充电
3280,374,2793,5,恒流恒压充电
3280,387,2793,5,恒流恒压充电
3280,373,2793,5,恒流恒压充电
3280,375,2793,5,恒流恒压充电
3280,389,2794,5,恒流恒压充电
3280,371,2794,5,恒流恒压充电
3280,370,2794,5,恒流恒压充电
3280,378,2795,5,恒流恒压充电
3280,371,2795,5,恒流恒压充电
3280,367,2795,5,恒流恒压充电
3280,369,2796,5,恒流恒压充电
3280,372,2796,5,恒流恒压充电
3280,377,2796,5,恒流恒压充电
3280,370,2797,5,恒流恒压充电
3280,370,2797,5,恒流恒压充电
3280,368,2797,5,恒流恒压充电
3280,366,2797,5,恒流恒压充电
3280,373,2798,5,恒流恒压充电
3280,366,2798,5,恒流恒压充电
3280,371,2798,5,恒流恒压充电
3280,363,2799,5,恒流恒压充电
3280,357,2799,5,恒流恒压充电
3280,358,2799,5,恒流恒压充电
3280,365,2800,5,恒流恒压充电
3280,348,2800,5,恒流恒压充电
3280,346,2800,5,恒流恒压充电
3280,346,2801,5,恒流恒压充电
3280,352,2801,5,恒流恒压充电
3280,363,2801,5,恒流恒压充电
3280,355,2801,5,恒流恒压充电
3280,352,2802,5,恒流恒压充电
3280,356,2802,5,恒流恒压充电
3280,356,2802,5,恒流恒压充电
3280,358,2803,5,恒流恒压充电
3280,357,2803,5,恒流恒压充电
3280,356,2803,5,恒流恒压充电
3280,348,2803,5,恒流恒压充电
3280,345,2804,5,恒流恒压充电
3280,353,2804,5,恒流恒压充电
3280,337,2804,5,恒流恒压充电
3280,336,2805,5,恒流恒压充电
3280,354,2805,5,恒流恒压充电
3280,344,2805,5,恒流恒压充电
3280,353,2805,5,恒流恒压充电
3280,348,2806,5,恒流恒压充电
3280,345,2806,5,恒流恒压充电
3280,334,2806,5,恒流恒压充电
3280,346,2807,5,恒流恒压充电
3280,348,2807,5,恒流恒压充电
3280,340,2807,5,恒流恒压充电
3280,322,2808,5,恒流恒压充电
3280,335,2808,5,恒流恒压充电
3280,333,2808,5,恒流恒压充电
3280,322,2808,5,恒流恒压充电
3280,332,2809,5,恒流恒压充电
3280,334,2809,5,恒流恒压充电
3280,334,2809,5,恒流恒压充电
3280,334,2809,5,恒流恒压充电
3280,338,2810,5,恒流恒压充电
3280,337,2810,5,恒流恒压充电
3280,321,2810,5,恒流恒压充电
3280,337,2811,5,恒流恒压充电
3280,340,2811,5,恒流恒压充电
3280,327,2811,5,恒流恒压充电
3280,328,2811,5,恒流恒压充电
3280,333,2812,5,恒流恒压充电
3280,324,2812,5,恒流恒压充电
3280,337,2812,5,恒流恒压充电
3280,329,2812,5,恒流恒压充电
3280,320,2813,5,恒流恒压充电
3280,327,2813,5,恒流恒压充电
3280,319,2813,5,恒流恒压充电
3280,329,2814,5,恒流恒压充电
3280,330,2814,5,恒流恒压充电
3280,320,2814,5,恒流恒压充电
3280,328,2814,5,恒流恒压充电
3280,325,2815,5,恒流恒压充电
3280,328,2815,5,恒流恒压充电
3280,317,2815,5,恒流恒压充电
3280,321,2815,5,恒流恒压充电
3280,327,2816,5,恒流恒压充电
3280,322,2816,5,恒流恒压充电
3280,313,2816,5,恒流恒压充电
3280,316,2817,5,恒流恒压充电
3280,307,2817,5,恒流恒压充电
3280,328,2817,5,恒流恒压充电
3280,313,2817,5,恒流恒压充电
3280,316,2818,5,恒流恒压充电
3280,305,2818,5,恒流恒压充电
3280,310,2818,5,恒流恒压充电
3280,320,2818,5,恒流恒压充电
3280,307,2819,5,恒流恒压充电
3280,309,2819,5,恒流恒压充电
3280,309,2819,5,恒流恒压充电
3280,305,2819,5,恒流恒压充电
3280,317,2820,5,恒流恒压充电
3280,309,2820,5,恒流恒压充电
3280,309,2820,5,恒流恒压充电
3280,320,2820,5,恒流恒压充电
3280,290,2821,5,恒流恒压充电
3280,304,2821,5,恒流恒压充电
3280,303,2821,5,恒流恒压充电
3280,309,2822,5,恒流恒压充电
3280,302,2822,5,恒流恒压充电
3280,306,2822,5,恒流恒压充电
3280,311,2822,5,恒流恒压充电
3280,303,2823,5,恒流恒压充电
3280,304,2823,5,恒流恒压充电
3278,0,2823,5,恒流恒压充电
3278,0,2823,5,恒流恒压充电
3277,0,2823,5,恒流恒压充电
3277,0,2823,5,恒流恒压充电
